Domain Code,Country,Country Code,Year,Item,Food supply (kcal/capita/day),Protein supply quantity (g/capita/day),Fat supply quantity (g/capita/day)
FBSH,Afghanistan,AFG,2004,Eggs,2.47,0.19,0.18
FBSH,Afghanistan,AFG,2004,Maize and products,81.28,2.15,1.14
FBSH,Afghanistan,AFG,2004,Milk - Excluding Butter,114.6,6.72,6.28
FBSH,Afghanistan,AFG,2004,"Pulses, Other and products",6.82,0.46,0.04
FBSH,Afghanistan,AFG,2004,Rice and products,178.14,3.41,0.34
FBSH,Afghanistan,AFG,2004,Wheat and products,1156.28,31.13,4.17
FBSH,Albania,ALB,2004,Eggs,26.78,2.14,1.89
FBSH,Albania,ALB,2004,Maize and products,19.32,0.45,0.06
FBSH,Albania,ALB,2004,Milk - Excluding Butter,513.18,27.93,30.74
FBSH,Albania,ALB,2004,"Pulses, Other and products",1.63,0.11,0.01
FBSH,Albania,ALB,2004,Rice and products,63.08,1.24,0.15
FBSH,Albania,ALB,2004,Wheat and products,1059.72,33.81,5.86
FBSH,Algeria,DZA,2004,Eggs,15.99,1.35,1.09
FBSH,Algeria,DZA,2004,Maize and products,76.88,1.91,0.67
FBSH,Algeria,DZA,2004,Milk - Excluding Butter,189.73,11.21,9.26
FBSH,Algeria,DZA,2004,"Pulses, Other and products",33.66,2.17,0.23
FBSH,Algeria,DZA,2004,Rice and products,19.58,0.38,0.03
FBSH,Algeria,DZA,2004,Wheat and products,1461.57,44.14,5.35
None,Andorra,AND,2004,Eggs,None,None,None
None,Andorra,AND,2004,Maize and products,None,None,None
None,Andorra,AND,2004,Milk - Excluding Butter,None,None,None
None,Andorra,AND,2004,"Pulses, Other and products",None,None,None
None,Andorra,AND,2004,Rice and products,None,None,None
None,Andorra,AND,2004,Wheat and products,None,None,None
FBSH,Angola,AGO,2004,Eggs,3.4,0.28,0.23
FBSH,Angola,AGO,2004,Maize and products,331.13,8.72,3.56
FBSH,Angola,AGO,2004,Milk - Excluding Butter,25.13,1.29,1.4
None,Angola,AGO,2004,"Pulses, Other and products",None,None,None
FBSH,Angola,AGO,2004,Rice and products,72.76,1.39,0.11
FBSH,Angola,AGO,2004,Wheat and products,208.54,6.33,0.75
FBSH,Antigua and Barbuda,ATG,2004,Eggs,11.59,0.87,0.77
FBSH,Antigua and Barbuda,ATG,2004,Maize and products,31.54,0.7,0.1
FBSH,Antigua and Barbuda,ATG,2004,Milk - Excluding Butter,204.21,9.82,9.62
FBSH,Antigua and Barbuda,ATG,2004,"Pulses, Other and products",5.01,0.33,0.03
FBSH,Antigua and Barbuda,ATG,2004,Rice and products,100.37,1.97,0.17
FBSH,Antigua and Barbuda,ATG,2004,Wheat and products,435.25,12.33,3.27
FBSH,Argentina,ARG,2004,Eggs,28.33,2.16,1.87
FBSH,Argentina,ARG,2004,Maize and products,86.14,1.96,0.27
FBSH,Argentina,ARG,2004,Milk - Excluding Butter,180.96,10.7,11.83
FBSH,Argentina,ARG,2004,"Pulses, Other and products",6.01,0.42,0.03
FBSH,Argentina,ARG,2004,Rice and products,80.45,1.61,0.2
FBSH,Argentina,ARG,2004,Wheat and products,876.83,23.36,2.42
FBSH,Armenia,ARM,2004,Eggs,33.6,2.58,2.37
FBSH,Armenia,ARM,2004,Maize and products,0.0,0.0,None
FBSH,Armenia,ARM,2004,Milk - Excluding Butter,207.52,11.68,12.49
FBSH,Armenia,ARM,2004,"Pulses, Other and products",0.2,0.01,None
FBSH,Armenia,ARM,2004,Rice and products,43.16,0.91,0.22
FBSH,Armenia,ARM,2004,Wheat and products,1259.86,37.79,4.12
FBSH,Australia,AUS,2004,Eggs,18.93,1.46,1.33
FBSH,Australia,AUS,2004,Maize and products,40.49,0.9,0.12
FBSH,Australia,AUS,2004,Milk - Excluding Butter,275.4,16.5,16.58
FBSH,Australia,AUS,2004,"Pulses, Other and products",5.79,0.33,0.07
FBSH,Australia,AUS,2004,Rice and products,91.19,1.74,0.16
FBSH,Australia,AUS,2004,Wheat and products,527.8,21.2,2.18
FBSH,Austria,AUT,2004,Eggs,48.72,3.93,3.42
FBSH,Austria,AUT,2004,Maize and products,95.64,2.27,0.31
FBSH,Austria,AUT,2004,Milk - Excluding Butter,235.91,19.39,13.93
FBSH,Austria,AUT,2004,"Pulses, Other and products",0.84,0.06,0.0
FBSH,Austria,AUT,2004,Rice and products,28.92,0.55,0.05
FBSH,Austria,AUT,2004,Wheat and products,648.32,20.87,3.5
FBSH,Azerbaijan,AZE,2004,Eggs,19.67,1.51,1.39
FBSH,Azerbaijan,AZE,2004,Maize and products,75.7,1.75,0.25
FBSH,Azerbaijan,AZE,2004,Milk - Excluding Butter,130.9,8.73,7.66
FBSH,Azerbaijan,AZE,2004,"Pulses, Other and products",0.0,0.0,None
FBSH,Azerbaijan,AZE,2004,Rice and products,25.98,0.48,0.05
FBSH,Azerbaijan,AZE,2004,Wheat and products,1498.09,44.73,5.14
FBSH,Bahamas,BHS,2004,Eggs,11.18,0.85,0.76
FBSH,Bahamas,BHS,2004,Maize and products,21.75,0.49,0.07
FBSH,Bahamas,BHS,2004,Milk - Excluding Butter,158.2,7.96,9.27
FBSH,Bahamas,BHS,2004,"Pulses, Other and products",3.67,0.22,0.02
FBSH,Bahamas,BHS,2004,Rice and products,259.46,5.15,0.48
FBSH,Bahamas,BHS,2004,Wheat and products,330.85,8.3,3.75
None,Bahrain,BHR,2004,Eggs,None,None,None
None,Bahrain,BHR,2004,Maize and products,None,None,None
None,Bahrain,BHR,2004,Milk - Excluding Butter,None,None,None
None,Bahrain,BHR,2004,"Pulses, Other and products",None,None,None
None,Bahrain,BHR,2004,Rice and products,None,None,None
None,Bahrain,BHR,2004,Wheat and products,None,None,None
FBSH,Bangladesh,BGD,2004,Eggs,5.34,0.4,0.39
FBSH,Bangladesh,BGD,2004,Maize and products,2.11,0.06,0.03
FBSH,Bangladesh,BGD,2004,Milk - Excluding Butter,28.04,1.56,1.51
FBSH,Bangladesh,BGD,2004,"Pulses, Other and products",30.88,1.84,0.19
FBSH,Bangladesh,BGD,2004,Rice and products,1735.56,32.6,3.84
FBSH,Bangladesh,BGD,2004,Wheat and products,186.43,5.44,0.87
FBSH,Barbados,BRB,2004,Eggs,22.59,1.71,1.5
FBSH,Barbados,BRB,2004,Maize and products,115.16,2.48,0.37
FBSH,Barbados,BRB,2004,Milk - Excluding Butter,163.69,9.11,9.34
FBSH,Barbados,BRB,2004,"Pulses, Other and products",32.19,2.12,0.2
FBSH,Barbados,BRB,2004,Rice and products,178.46,3.69,0.73
FBSH,Barbados,BRB,2004,Wheat and products,541.53,14.46,1.85
FBSH,Belarus,BLR,2004,Eggs,51.53,3.96,3.64
FBSH,Belarus,BLR,2004,Maize and products,3.54,0.08,0.01
FBSH,Belarus,BLR,2004,Milk - Excluding Butter,214.74,14.18,8.9
FBSH,Belarus,BLR,2004,"Pulses, Other and products",0.28,0.02,0.0
FBSH,Belarus,BLR,2004,Rice and products,29.7,0.55,0.06
FBSH,Belarus,BLR,2004,Wheat and products,566.1,15.4,8.34
FBSH,Belgium,BEL,2004,Eggs,53.96,4.15,3.8
FBSH,Belgium,BEL,2004,Maize and products,14.29,0.33,0.05
FBSH,Belgium,BEL,2004,Milk - Excluding Butter,376.97,23.63,21.61
FBSH,Belgium,BEL,2004,"Pulses, Other and products",2.19,0.15,0.01
FBSH,Belgium,BEL,2004,Rice and products,85.82,1.54,0.19
FBSH,Belgium,BEL,2004,Wheat and products,741.38,22.15,2.28
FBSH,Belize,BLZ,2004,Eggs,15.94,1.21,1.05
FBSH,Belize,BLZ,2004,Maize and products,213.9,4.83,0.66
FBSH,Belize,BLZ,2004,Milk - Excluding Butter,149.0,8.24,6.83
FBSH,Belize,BLZ,2004,"Pulses, Other and products",3.28,0.22,0.02
FBSH,Belize,BLZ,2004,Rice and products,316.1,6.25,0.53
FBSH,Belize,BLZ,2004,Wheat and products,522.85,14.67,2.49
FBSH,Benin,BEN,2004,Eggs,2.39,0.2,0.16
FBSH,Benin,BEN,2004,Maize and products,474.74,12.51,5.11
FBSH,Benin,BEN,2004,Milk - Excluding Butter,19.6,0.89,0.84
FBSH,Benin,BEN,2004,"Pulses, Other and products",20.99,1.08,0.36
FBSH,Benin,BEN,2004,Rice and products,355.77,6.87,0.52
FBSH,Benin,BEN,2004,Wheat and products,34.29,0.94,0.26
None,Bhutan,BTN,2004,Eggs,None,None,None
None,Bhutan,BTN,2004,Maize and products,None,None,None
None,Bhutan,BTN,2004,Milk - Excluding Butter,None,None,None
None,Bhutan,BTN,2004,"Pulses, Other and products",None,None,None
None,Bhutan,BTN,2004,Rice and products,None,None,None
None,Bhutan,BTN,2004,Wheat and products,None,None,None
FBSH,Bolivia,BOL,2004,Eggs,15.17,1.15,1.0
FBSH,Bolivia,BOL,2004,Maize and products,254.93,5.55,0.84
FBSH,Bolivia,BOL,2004,Milk - Excluding Butter,55.45,3.23,2.68
FBSH,Bolivia,BOL,2004,"Pulses, Other and products",12.37,0.86,0.09
FBSH,Bolivia,BOL,2004,Rice and products,265.9,5.26,0.44
FBSH,Bolivia,BOL,2004,Wheat and products,356.71,10.25,1.03
FBSH,Bosnia and Herzegovina,BIH,2004,Eggs,15.77,1.21,1.11
FBSH,Bosnia and Herzegovina,BIH,2004,Maize and products,804.95,18.63,2.66
FBSH,Bosnia and Herzegovina,BIH,2004,Milk - Excluding Butter,271.25,15.07,15.12
FBSH,Bosnia and Herzegovina,BIH,2004,"Pulses, Other and products",10.24,0.58,0.13
FBSH,Bosnia and Herzegovina,BIH,2004,Rice and products,17.09,0.32,0.03
FBSH,Bosnia and Herzegovina,BIH,2004,Wheat and products,690.73,20.22,3.51
FBSH,Botswana,BWA,2004,Eggs,7.11,0.6,0.49
FBSH,Botswana,BWA,2004,Maize and products,361.43,9.52,3.89
FBSH,Botswana,BWA,2004,Milk - Excluding Butter,149.32,9.21,7.04
FBSH,Botswana,BWA,2004,"Pulses, Other and products",112.94,7.31,0.66
FBSH,Botswana,BWA,2004,Rice and products,107.5,1.99,0.21
FBSH,Botswana,BWA,2004,Wheat and products,265.83,7.56,2.18
FBSH,Brazil,BRA,2004,Eggs,25.98,1.97,1.73
FBSH,Brazil,BRA,2004,Maize and products,204.57,4.52,0.82
FBSH,Brazil,BRA,2004,Milk - Excluding Butter,197.15,10.27,10.47
FBSH,Brazil,BRA,2004,"Pulses, Other and products",1.14,0.08,0.01
FBSH,Brazil,BRA,2004,Rice and products,389.67,7.69,0.65
FBSH,Brazil,BRA,2004,Wheat and products,378.66,9.94,1.39
FBSH,Brunei,BRN,2004,Eggs,67.32,5.32,4.74
FBSH,Brunei,BRN,2004,Maize and products,100.82,2.5,0.96
FBSH,Brunei,BRN,2004,Milk - Excluding Butter,172.99,8.78,6.52
FBSH,Brunei,BRN,2004,"Pulses, Other and products",12.74,0.79,0.08
FBSH,Brunei,BRN,2004,Rice and products,729.24,13.2,1.78
FBSH,Brunei,BRN,2004,Wheat and products,438.83,10.63,2.31
FBSH,Bulgaria,BGR,2004,Eggs,46.97,3.79,3.3
FBSH,Bulgaria,BGR,2004,Maize and products,138.7,3.21,0.46
FBSH,Bulgaria,BGR,2004,Milk - Excluding Butter,253.96,13.91,15.98
FBSH,Bulgaria,BGR,2004,"Pulses, Other and products",4.44,0.29,0.03
FBSH,Bulgaria,BGR,2004,Rice and products,45.75,0.95,0.22
FBSH,Bulgaria,BGR,2004,Wheat and products,862.2,27.3,3.06
FBSH,Burkina Faso,BFA,2004,Eggs,8.26,0.7,0.56
FBSH,Burkina Faso,BFA,2004,Maize and products,413.98,10.91,4.46
FBSH,Burkina Faso,BFA,2004,Milk - Excluding Butter,41.93,2.12,2.36
FBSH,Burkina Faso,BFA,2004,"Pulses, Other and products",109.55,7.06,0.64
FBSH,Burkina Faso,BFA,2004,Rice and products,172.19,3.26,0.27
FBSH,Burkina Faso,BFA,2004,Wheat and products,41.63,1.16,0.16
None,Burundi,BDI,2004,Eggs,None,None,None
None,Burundi,BDI,2004,Maize and products,None,None,None
None,Burundi,BDI,2004,Milk - Excluding Butter,None,None,None
None,Burundi,BDI,2004,"Pulses, Other and products",None,None,None
None,Burundi,BDI,2004,Rice and products,None,None,None
None,Burundi,BDI,2004,Wheat and products,None,None,None
FBSH,Cabo Verde,CPV,2004,Eggs,11.98,1.01,0.82
FBSH,Cabo Verde,CPV,2004,Maize and products,344.6,9.08,3.71
FBSH,Cabo Verde,CPV,2004,Milk - Excluding Butter,166.78,9.24,8.65
FBSH,Cabo Verde,CPV,2004,"Pulses, Other and products",53.59,3.44,0.33
FBSH,Cabo Verde,CPV,2004,Rice and products,486.24,9.35,0.69
FBSH,Cabo Verde,CPV,2004,Wheat and products,325.07,8.82,1.98
FBSH,Cambodia,KHM,2004,Eggs,4.68,0.35,0.33
FBSH,Cambodia,KHM,2004,Maize and products,94.82,2.36,0.89
FBSH,Cambodia,KHM,2004,Milk - Excluding Butter,4.32,0.2,0.18
FBSH,Cambodia,KHM,2004,"Pulses, Other and products",0.04,0.0,0.0
FBSH,Cambodia,KHM,2004,Rice and products,1441.56,29.39,4.77
FBSH,Cambodia,KHM,2004,Wheat and products,24.33,0.57,0.3
FBSH,Cameroon,CMR,2004,Eggs,1.63,0.14,0.11
FBSH,Cameroon,CMR,2004,Maize and products,291.22,7.67,3.14
FBSH,Cameroon,CMR,2004,Milk - Excluding Butter,27.97,1.42,1.54
FBSH,Cameroon,CMR,2004,"Pulses, Other and products",53.11,3.53,0.34
FBSH,Cameroon,CMR,2004,Rice and products,189.65,3.31,0.17
FBSH,Cameroon,CMR,2004,Wheat and products,120.0,3.4,0.51
FBSH,Canada,CAN,2004,Eggs,42.53,3.27,3.0
FBSH,Canada,CAN,2004,Maize and products,118.74,2.58,0.39
FBSH,Canada,CAN,2004,Milk - Excluding Butter,218.15,14.02,13.18
FBSH,Canada,CAN,2004,"Pulses, Other and products",44.1,3.05,0.25
FBSH,Canada,CAN,2004,Rice and products,88.52,1.66,0.14
FBSH,Canada,CAN,2004,Wheat and products,647.32,20.9,2.53
FBSH,Central African Republic,CAF,2004,Eggs,1.58,0.13,0.11
FBSH,Central African Republic,CAF,2004,Maize and products,238.5,6.28,2.57
FBSH,Central African Republic,CAF,2004,Milk - Excluding Butter,30.54,1.5,1.67
FBSH,Central African Republic,CAF,2004,"Pulses, Other and products",51.84,3.35,0.3
FBSH,Central African Republic,CAF,2004,Rice and products,37.05,0.71,0.05
FBSH,Central African Republic,CAF,2004,Wheat and products,48.97,1.38,0.16
FBSH,Chad,TCD,2004,Eggs,1.03,0.09,0.07
FBSH,Chad,TCD,2004,Maize and products,101.21,2.67,1.09
FBSH,Chad,TCD,2004,Milk - Excluding Butter,42.85,2.01,2.45
FBSH,Chad,TCD,2004,"Pulses, Other and products",30.37,1.57,0.51
FBSH,Chad,TCD,2004,Rice and products,70.32,1.36,0.1
FBSH,Chad,TCD,2004,Wheat and products,33.29,0.99,0.12
FBSH,Chile,CHL,2004,Eggs,22.38,1.7,1.48
FBSH,Chile,CHL,2004,Maize and products,165.02,4.3,1.97
FBSH,Chile,CHL,2004,Milk - Excluding Butter,143.54,8.81,7.76
FBSH,Chile,CHL,2004,"Pulses, Other and products",16.59,1.34,0.28
FBSH,Chile,CHL,2004,Rice and products,80.1,1.58,0.13
FBSH,Chile,CHL,2004,Wheat and products,932.6,25.21,3.01
FBSH,China,CHN,2004,Eggs,65.99,5.12,4.69
FBSH,China,CHN,2004,Maize and products,54.56,1.18,0.18
FBSH,China,CHN,2004,Milk - Excluding Butter,38.33,2.01,2.2
FBSH,China,CHN,2004,"Pulses, Other and products",5.78,0.39,0.03
FBSH,China,CHN,2004,Rice and products,785.03,14.45,3.0
FBSH,China,CHN,2004,Wheat and products,604.2,19.65,3.33
FBSH,Colombia,COL,2004,Eggs,30.14,2.3,1.99
FBSH,Colombia,COL,2004,Maize and products,319.27,7.3,1.22
FBSH,Colombia,COL,2004,Milk - Excluding Butter,198.82,11.82,9.9
FBSH,Colombia,COL,2004,"Pulses, Other and products",18.06,1.22,0.1
FBSH,Colombia,COL,2004,Rice and products,300.17,5.94,0.5
FBSH,Colombia,COL,2004,Wheat and products,224.36,5.98,0.63
None,Comoros,COM,2004,Eggs,None,None,None
None,Comoros,COM,2004,Maize and products,None,None,None
None,Comoros,COM,2004,Milk - Excluding Butter,None,None,None
None,Comoros,COM,2004,"Pulses, Other and products",None,None,None
None,Comoros,COM,2004,Rice and products,None,None,None
None,Comoros,COM,2004,Wheat and products,None,None,None
FBSH,Congo,COG,2004,Eggs,2.63,0.22,0.18
FBSH,Congo,COG,2004,Maize and products,54.93,1.45,0.59
FBSH,Congo,COG,2004,Milk - Excluding Butter,42.06,2.21,2.25
FBSH,Congo,COG,2004,"Pulses, Other and products",0.9,0.06,0.01
FBSH,Congo,COG,2004,Rice and products,127.81,2.51,0.22
FBSH,Congo,COG,2004,Wheat and products,348.35,10.18,1.62
FBSH,Costa Rica,CRI,2004,Eggs,36.01,2.74,2.39
FBSH,Costa Rica,CRI,2004,Maize and products,109.56,2.85,1.3
FBSH,Costa Rica,CRI,2004,Milk - Excluding Butter,267.47,15.09,13.58
FBSH,Costa Rica,CRI,2004,"Pulses, Other and products",4.04,0.24,0.04
FBSH,Costa Rica,CRI,2004,Rice and products,502.28,9.94,0.85
FBSH,Costa Rica,CRI,2004,Wheat and products,278.36,7.19,0.84
FBSH,Croatia,HRV,2004,Eggs,39.32,3.03,2.77
FBSH,Croatia,HRV,2004,Maize and products,56.1,1.3,0.19
FBSH,Croatia,HRV,2004,Milk - Excluding Butter,277.49,16.43,16.27
FBSH,Croatia,HRV,2004,"Pulses, Other and products",1.0,0.07,0.01
FBSH,Croatia,HRV,2004,Rice and products,23.32,0.44,0.05
FBSH,Croatia,HRV,2004,Wheat and products,781.5,22.79,3.83
FBSH,Cuba,CUB,2004,Eggs,22.89,1.74,1.52
FBSH,Cuba,CUB,2004,Maize and products,254.4,6.62,3.03
FBSH,Cuba,CUB,2004,Milk - Excluding Butter,111.62,6.32,4.86
FBSH,Cuba,CUB,2004,"Pulses, Other and products",33.85,2.16,0.23
FBSH,Cuba,CUB,2004,Rice and products,660.15,12.66,1.21
FBSH,Cuba,CUB,2004,Wheat and products,369.69,9.82,1.31
FBSH,Cyprus,CYP,2004,Eggs,36.09,2.72,2.59
FBSH,Cyprus,CYP,2004,Maize and products,8.55,0.2,0.03
FBSH,Cyprus,CYP,2004,Milk - Excluding Butter,303.46,15.1,19.14
FBSH,Cyprus,CYP,2004,"Pulses, Other and products",17.19,1.14,0.11
FBSH,Cyprus,CYP,2004,Rice and products,37.63,0.73,0.08
FBSH,Cyprus,CYP,2004,Wheat and products,542.24,15.28,4.98
FBSH,Czechia,CZE,2004,Eggs,54.73,4.21,3.86
FBSH,Czechia,CZE,2004,Maize and products,0.0,0.0,0.0
FBSH,Czechia,CZE,2004,Milk - Excluding Butter,259.36,19.66,13.13
FBSH,Czechia,CZE,2004,"Pulses, Other and products",5.95,0.41,0.03
FBSH,Czechia,CZE,2004,Rice and products,46.79,0.88,0.1
FBSH,Czechia,CZE,2004,Wheat and products,744.04,21.83,3.32
FBSH,Côte d'Ivoire,CIV,2004,Eggs,6.51,0.55,0.44
FBSH,Côte d'Ivoire,CIV,2004,Maize and products,188.39,4.96,2.03
FBSH,Côte d'Ivoire,CIV,2004,Milk - Excluding Butter,18.95,0.86,0.79
FBSH,Côte d'Ivoire,CIV,2004,"Pulses, Other and products",4.85,0.31,0.03
FBSH,Côte d'Ivoire,CIV,2004,Rice and products,574.74,11.62,1.3
FBSH,Côte d'Ivoire,CIV,2004,Wheat and products,132.18,3.88,0.94
None,Democratic Republic of the Congo,COD,2004,Eggs,None,None,None
None,Democratic Republic of the Congo,COD,2004,Maize and products,None,None,None
None,Democratic Republic of the Congo,COD,2004,Milk - Excluding Butter,None,None,None
None,Democratic Republic of the Congo,COD,2004,"Pulses, Other and products",None,None,None
None,Democratic Republic of the Congo,COD,2004,Rice and products,None,None,None
None,Democratic Republic of the Congo,COD,2004,Wheat and products,None,None,None
FBSH,Denmark,DNK,2004,Eggs,82.29,6.61,5.8
FBSH,Denmark,DNK,2004,Maize and products,18.42,0.43,0.06
FBSH,Denmark,DNK,2004,Milk - Excluding Butter,253.81,18.02,16.62
FBSH,Denmark,DNK,2004,"Pulses, Other and products",1.58,0.1,0.02
FBSH,Denmark,DNK,2004,Rice and products,43.06,0.83,0.07
FBSH,Denmark,DNK,2004,Wheat and products,614.03,19.89,2.4
FBSH,Djibouti,DJI,2004,Eggs,0.43,0.03,0.03
FBSH,Djibouti,DJI,2004,Maize and products,10.95,0.25,0.04
FBSH,Djibouti,DJI,2004,Milk - Excluding Butter,118.43,6.27,6.59
FBSH,Djibouti,DJI,2004,"Pulses, Other and products",5.52,0.38,0.03
FBSH,Djibouti,DJI,2004,Rice and products,418.49,7.79,0.82
FBSH,Djibouti,DJI,2004,Wheat and products,762.07,22.66,2.99
FBSH,Dominica,DMA,2004,Eggs,8.77,0.67,0.59
FBSH,Dominica,DMA,2004,Maize and products,28.85,0.63,0.08
FBSH,Dominica,DMA,2004,Milk - Excluding Butter,228.92,12.68,11.94
FBSH,Dominica,DMA,2004,"Pulses, Other and products",32.05,2.19,0.16
FBSH,Dominica,DMA,2004,Rice and products,94.21,1.96,0.43
FBSH,Dominica,DMA,2004,Wheat and products,533.03,14.99,1.53
FBSH,Dominican Republic,DOM,2004,Eggs,17.66,1.35,1.17
FBSH,Dominican Republic,DOM,2004,Maize and products,51.97,1.35,0.62
FBSH,Dominican Republic,DOM,2004,Milk - Excluding Butter,73.82,4.21,3.57
FBSH,Dominican Republic,DOM,2004,"Pulses, Other and products",29.39,1.78,0.15
FBSH,Dominican Republic,DOM,2004,Rice and products,401.64,7.94,0.66
FBSH,Dominican Republic,DOM,2004,Wheat and products,142.59,4.48,0.74
FBSH,Ecuador,ECU,2004,Eggs,17.13,1.3,1.13
FBSH,Ecuador,ECU,2004,Maize and products,47.38,1.23,0.56
FBSH,Ecuador,ECU,2004,Milk - Excluding Butter,205.63,11.07,12.24
FBSH,Ecuador,ECU,2004,"Pulses, Other and products",15.06,1.09,0.1
FBSH,Ecuador,ECU,2004,Rice and products,396.57,7.84,0.65
FBSH,Ecuador,ECU,2004,Wheat and products,268.74,7.08,1.14
FBSH,Egypt,EGY,2004,Eggs,11.04,0.83,0.79
FBSH,Egypt,EGY,2004,Maize and products,565.79,14.93,7.93
FBSH,Egypt,EGY,2004,Milk - Excluding Butter,72.0,4.6,4.83
FBSH,Egypt,EGY,2004,"Pulses, Other and products",77.63,5.89,0.33
FBSH,Egypt,EGY,2004,Rice and products,432.06,8.3,0.88
FBSH,Egypt,EGY,2004,Wheat and products,1083.79,32.87,5.79
FBSH,El Salvador,SLV,2004,Eggs,34.52,2.63,2.28
FBSH,El Salvador,SLV,2004,Maize and products,805.84,20.98,9.6
FBSH,El Salvador,SLV,2004,Milk - Excluding Butter,165.27,9.13,9.27
FBSH,El Salvador,SLV,2004,"Pulses, Other and products",0.14,0.01,0.0
FBSH,El Salvador,SLV,2004,Rice and products,90.86,1.8,0.15
FBSH,El Salvador,SLV,2004,Wheat and products,235.32,6.23,0.71
None,Equatorial Guinea,GNQ,2004,Eggs,None,None,None
None,Equatorial Guinea,GNQ,2004,Maize and products,None,None,None
None,Equatorial Guinea,GNQ,2004,Milk - Excluding Butter,None,None,None
None,Equatorial Guinea,GNQ,2004,"Pulses, Other and products",None,None,None
None,Equatorial Guinea,GNQ,2004,Rice and products,None,None,None
None,Equatorial Guinea,GNQ,2004,Wheat and products,None,None,None
None,Eritrea,ERI,2004,Eggs,None,None,None
None,Eritrea,ERI,2004,Maize and products,None,None,None
None,Eritrea,ERI,2004,Milk - Excluding Butter,None,None,None
None,Eritrea,ERI,2004,"Pulses, Other and products",None,None,None
None,Eritrea,ERI,2004,Rice and products,None,None,None
None,Eritrea,ERI,2004,Wheat and products,None,None,None
FBSH,Estonia,EST,2004,Eggs,39.1,3.01,2.76
FBSH,Estonia,EST,2004,Maize and products,42.7,0.99,0.14
FBSH,Estonia,EST,2004,Milk - Excluding Butter,354.18,21.12,18.62
FBSH,Estonia,EST,2004,"Pulses, Other and products",12.52,0.81,0.07
FBSH,Estonia,EST,2004,Rice and products,27.67,0.52,0.05
FBSH,Estonia,EST,2004,Wheat and products,554.34,15.92,4.21
FBSH,Eswatini,SWZ,2004,Eggs,25.2,1.96,1.78
FBSH,Eswatini,SWZ,2004,Maize and products,650.04,17.13,7.0
FBSH,Eswatini,SWZ,2004,Milk - Excluding Butter,126.73,6.54,6.44
FBSH,Eswatini,SWZ,2004,"Pulses, Other and products",10.75,0.71,0.06
FBSH,Eswatini,SWZ,2004,Rice and products,196.9,3.8,0.28
FBSH,Eswatini,SWZ,2004,Wheat and products,318.51,9.02,2.21
FBSH,Ethiopia,ETH,2004,Eggs,1.57,0.12,0.11
FBSH,Ethiopia,ETH,2004,Maize and products,343.6,7.95,1.14
FBSH,Ethiopia,ETH,2004,Milk - Excluding Butter,57.42,3.29,2.99
FBSH,Ethiopia,ETH,2004,"Pulses, Other and products",87.14,5.99,0.61
FBSH,Ethiopia,ETH,2004,Rice and products,3.4,0.06,0.01
FBSH,Ethiopia,ETH,2004,Wheat and products,300.28,8.97,0.92
FBSH,Fiji,FJI,2004,Eggs,9.87,0.78,0.7
FBSH,Fiji,FJI,2004,Maize and products,2.62,0.03,0.0
FBSH,Fiji,FJI,2004,Milk - Excluding Butter,71.0,3.85,3.53
FBSH,Fiji,FJI,2004,"Pulses, Other and products",10.67,0.69,0.07
FBSH,Fiji,FJI,2004,Rice and products,492.26,9.42,1.81
FBSH,Fiji,FJI,2004,Wheat and products,637.39,17.79,2.11
FBSH,Finland,FIN,2004,Eggs,32.28,2.61,2.27
FBSH,Finland,FIN,2004,Maize and products,0.0,None,0.0
FBSH,Finland,FIN,2004,Milk - Excluding Butter,422.38,26.43,24.45
FBSH,Finland,FIN,2004,"Pulses, Other and products",0.19,0.01,0.0
FBSH,Finland,FIN,2004,Rice and products,35.8,0.69,0.06
FBSH,Finland,FIN,2004,Wheat and products,645.36,21.78,3.15
FBSH,France,FRA,2004,Eggs,60.85,4.92,4.27
FBSH,France,FRA,2004,Maize and products,91.77,2.13,0.3
FBSH,France,FRA,2004,Milk - Excluding Butter,376.49,24.95,24.65
FBSH,France,FRA,2004,"Pulses, Other and products",4.43,0.31,0.02
FBSH,France,FRA,2004,Rice and products,52.35,1.02,0.12
FBSH,France,FRA,2004,Wheat and products,741.83,23.79,3.85
FBSH,Gabon,GAB,2004,Eggs,5.2,0.44,0.36
FBSH,Gabon,GAB,2004,Maize and products,132.79,3.5,1.43
FBSH,Gabon,GAB,2004,Milk - Excluding Butter,73.31,3.23,3.06
FBSH,Gabon,GAB,2004,"Pulses, Other and products",2.11,0.13,0.01
FBSH,Gabon,GAB,2004,Rice and products,376.17,7.25,0.52
FBSH,Gabon,GAB,2004,Wheat and products,364.17,10.86,1.83
FBSH,Gambia,GMB,2004,Eggs,5.46,0.45,0.37
FBSH,Gambia,GMB,2004,Maize and products,74.75,1.97,0.8
FBSH,Gambia,GMB,2004,Milk - Excluding Butter,49.56,2.55,2.53
FBSH,Gambia,GMB,2004,"Pulses, Other and products",24.63,1.59,0.14
FBSH,Gambia,GMB,2004,Rice and products,336.59,6.43,0.57
FBSH,Gambia,GMB,2004,Wheat and products,256.35,7.44,1.44
FBSH,Georgia,GEO,2004,Eggs,28.65,2.2,2.02
FBSH,Georgia,GEO,2004,Maize and products,394.5,9.13,1.3
FBSH,Georgia,GEO,2004,Milk - Excluding Butter,302.25,16.38,16.21
FBSH,Georgia,GEO,2004,"Pulses, Other and products",0.0,0.0,0.0
FBSH,Georgia,GEO,2004,Rice and products,21.67,0.4,0.04
FBSH,Georgia,GEO,2004,Wheat and products,1123.56,33.46,4.15
FBSH,Germany,DEU,2004,Eggs,46.25,3.74,3.25
FBSH,Germany,DEU,2004,Maize and products,86.8,2.01,0.29
FBSH,Germany,DEU,2004,Milk - Excluding Butter,308.65,22.39,16.08
FBSH,Germany,DEU,2004,"Pulses, Other and products",1.44,0.1,0.01
FBSH,Germany,DEU,2004,Rice and products,25.89,0.47,0.06
FBSH,Germany,DEU,2004,Wheat and products,601.78,19.51,2.37
FBSH,Ghana,GHA,2004,Eggs,3.07,0.26,0.21
FBSH,Ghana,GHA,2004,Maize and products,202.15,5.33,2.18
FBSH,Ghana,GHA,2004,Milk - Excluding Butter,11.68,0.78,0.34
FBSH,Ghana,GHA,2004,"Pulses, Other and products",5.59,0.36,0.03
FBSH,Ghana,GHA,2004,Rice and products,217.18,4.12,0.37
FBSH,Ghana,GHA,2004,Wheat and products,105.69,2.9,0.49
FBSH,Greece,GRC,2004,Eggs,35.39,2.86,2.49
FBSH,Greece,GRC,2004,Maize and products,11.33,0.29,0.09
FBSH,Greece,GRC,2004,Milk - Excluding Butter,406.08,25.9,27.67
FBSH,Greece,GRC,2004,"Pulses, Other and products",17.31,1.12,0.11
FBSH,Greece,GRC,2004,Rice and products,69.27,1.35,0.13
FBSH,Greece,GRC,2004,Wheat and products,940.44,30.45,3.9
FBSH,Grenada,GRD,2004,Eggs,24.29,1.84,1.6
FBSH,Grenada,GRD,2004,Maize and products,30.91,0.66,0.11
FBSH,Grenada,GRD,2004,Milk - Excluding Butter,198.51,11.44,7.98
FBSH,Grenada,GRD,2004,"Pulses, Other and products",40.51,2.42,0.19
FBSH,Grenada,GRD,2004,Rice and products,84.32,1.68,0.16
FBSH,Grenada,GRD,2004,Wheat and products,295.84,7.71,1.46
FBSH,Guatemala,GTM,2004,Eggs,51.65,3.93,3.42
FBSH,Guatemala,GTM,2004,Maize and products,784.99,20.44,9.35
FBSH,Guatemala,GTM,2004,Milk - Excluding Butter,82.18,4.39,4.53
FBSH,Guatemala,GTM,2004,"Pulses, Other and products",25.29,1.69,0.15
FBSH,Guatemala,GTM,2004,Rice and products,61.81,1.22,0.11
FBSH,Guatemala,GTM,2004,Wheat and products,255.15,8.17,0.83
FBSH,Guinea,GIN,2004,Eggs,5.2,0.44,0.36
FBSH,Guinea,GIN,2004,Maize and products,80.17,2.11,0.86
FBSH,Guinea,GIN,2004,Milk - Excluding Butter,20.83,1.03,1.1
FBSH,Guinea,GIN,2004,"Pulses, Other and products",70.78,4.58,0.42
FBSH,Guinea,GIN,2004,Rice and products,836.6,18.34,3.25
FBSH,Guinea,GIN,2004,Wheat and products,102.35,2.94,0.48
FBSH,Guinea-Bissau,GNB,2004,Eggs,2.2,0.19,0.15
FBSH,Guinea-Bissau,GNB,2004,Maize and products,139.74,3.68,1.5
FBSH,Guinea-Bissau,GNB,2004,Milk - Excluding Butter,27.65,1.39,1.53
FBSH,Guinea-Bissau,GNB,2004,"Pulses, Other and products",15.72,1.02,0.09
FBSH,Guinea-Bissau,GNB,2004,Rice and products,863.29,16.56,1.26
FBSH,Guinea-Bissau,GNB,2004,Wheat and products,76.47,2.28,0.38
FBSH,Guyana,GUY,2004,Eggs,5.75,0.44,0.38
FBSH,Guyana,GUY,2004,Maize and products,13.24,0.3,0.04
FBSH,Guyana,GUY,2004,Milk - Excluding Butter,211.71,12.6,10.25
FBSH,Guyana,GUY,2004,"Pulses, Other and products",15.68,0.91,0.18
FBSH,Guyana,GUY,2004,Rice and products,790.43,15.63,1.3
FBSH,Guyana,GUY,2004,Wheat and products,446.67,12.2,2.26
FBSH,Haiti,HTI,2004,Eggs,1.69,0.13,0.11
FBSH,Haiti,HTI,2004,Maize and products,200.57,5.22,2.39
FBSH,Haiti,HTI,2004,Milk - Excluding Butter,39.29,1.75,1.38
FBSH,Haiti,HTI,2004,"Pulses, Other and products",53.45,3.47,0.22
FBSH,Haiti,HTI,2004,Rice and products,365.31,7.21,1.16
FBSH,Haiti,HTI,2004,Wheat and products,256.18,8.07,0.99
FBSH,Honduras,HND,2004,Eggs,16.42,1.25,1.09
FBSH,Honduras,HND,2004,Maize and products,738.03,19.22,8.79
FBSH,Honduras,HND,2004,Milk - Excluding Butter,160.22,9.61,8.2
FBSH,Honduras,HND,2004,"Pulses, Other and products",0.01,0.0,0.0
FBSH,Honduras,HND,2004,Rice and products,140.22,2.77,0.23
FBSH,Honduras,HND,2004,Wheat and products,252.89,6.45,1.62
FBSH,Hungary,HUN,2004,Eggs,63.05,5.08,4.43
FBSH,Hungary,HUN,2004,Maize and products,1.98,0.05,0.01
FBSH,Hungary,HUN,2004,Milk - Excluding Butter,224.57,15.06,13.7
FBSH,Hungary,HUN,2004,"Pulses, Other and products",3.36,0.23,0.02
FBSH,Hungary,HUN,2004,Rice and products,37.34,0.72,0.06
FBSH,Hungary,HUN,2004,Wheat and products,748.84,24.24,3.0
FBSH,Iceland,ISL,2004,Eggs,29.78,2.4,2.09
None,Iceland,ISL,2004,Maize and products,None,None,None
FBSH,Iceland,ISL,2004,Milk - Excluding Butter,553.38,30.52,30.84
FBSH,Iceland,ISL,2004,"Pulses, Other and products",0.67,0.05,None
FBSH,Iceland,ISL,2004,Rice and products,31.8,0.61,0.07
FBSH,Iceland,ISL,2004,Wheat and products,548.5,19.46,9.05
FBSH,India,IND,2004,Eggs,7.14,0.55,0.5
FBSH,India,IND,2004,Maize and products,52.15,1.3,0.64
FBSH,India,IND,2004,Milk - Excluding Butter,96.55,6.24,4.13
FBSH,India,IND,2004,"Pulses, Other and products",73.22,4.16,0.76
FBSH,India,IND,2004,Rice and products,694.85,13.06,1.54
FBSH,India,IND,2004,Wheat and products,494.3,14.44,2.29
FBSH,Indonesia,IDN,2004,Eggs,16.72,1.3,1.19
FBSH,Indonesia,IDN,2004,Maize and products,181.38,4.52,1.69
FBSH,Indonesia,IDN,2004,Milk - Excluding Butter,13.25,0.9,0.53
FBSH,Indonesia,IDN,2004,"Pulses, Other and products",0.76,0.05,0.0
FBSH,Indonesia,IDN,2004,Rice and products,1243.75,23.01,4.0
FBSH,Indonesia,IDN,2004,Wheat and products,145.8,3.88,0.4
FBSH,Iran,IRN,2004,Eggs,29.08,2.19,2.09
FBSH,Iran,IRN,2004,Maize and products,14.3,0.38,0.2
FBSH,Iran,IRN,2004,Milk - Excluding Butter,89.9,6.04,4.74
FBSH,Iran,IRN,2004,"Pulses, Other and products",35.44,2.23,0.26
FBSH,Iran,IRN,2004,Rice and products,291.38,5.58,0.55
FBSH,Iran,IRN,2004,Wheat and products,1338.9,40.55,7.41
FBSH,Iraq,IRQ,2004,Eggs,7.47,0.56,0.54
FBSH,Iraq,IRQ,2004,Maize and products,3.36,0.09,0.05
FBSH,Iraq,IRQ,2004,Milk - Excluding Butter,52.77,3.12,2.92
FBSH,Iraq,IRQ,2004,"Pulses, Other and products",51.14,3.2,0.39
FBSH,Iraq,IRQ,2004,Rice and products,339.49,6.5,0.64
FBSH,Iraq,IRQ,2004,Wheat and products,1020.52,30.77,6.07
FBSH,Ireland,IRL,2004,Eggs,25.37,2.04,1.78
FBSH,Ireland,IRL,2004,Maize and products,121.7,2.82,0.4
FBSH,Ireland,IRL,2004,Milk - Excluding Butter,487.9,28.18,29.0
FBSH,Ireland,IRL,2004,"Pulses, Other and products",0.57,0.04,0.0
FBSH,Ireland,IRL,2004,Rice and products,26.21,0.51,0.05
FBSH,Ireland,IRL,2004,Wheat and products,723.03,21.82,2.82
FBSH,Israel,ISR,2004,Eggs,37.45,3.04,2.62
FBSH,Israel,ISR,2004,Maize and products,149.99,2.35,0.37
FBSH,Israel,ISR,2004,Milk - Excluding Butter,254.22,19.49,13.28
FBSH,Israel,ISR,2004,"Pulses, Other and products",46.73,2.97,0.33
FBSH,Israel,ISR,2004,Rice and products,97.72,1.9,0.16
FBSH,Israel,ISR,2004,Wheat and products,922.95,30.8,4.0
FBSH,Italy,ITA,2004,Eggs,45.58,3.68,3.2
FBSH,Italy,ITA,2004,Maize and products,29.02,0.67,0.1
FBSH,Italy,ITA,2004,Milk - Excluding Butter,279.1,17.66,17.99
FBSH,Italy,ITA,2004,"Pulses, Other and products",24.21,1.59,0.15
FBSH,Italy,ITA,2004,Rice and products,56.2,1.1,0.1
FBSH,Italy,ITA,2004,Wheat and products,1054.51,33.36,3.67
FBSH,Jamaica,JAM,2004,Eggs,9.27,0.71,0.64
FBSH,Jamaica,JAM,2004,Maize and products,53.82,1.27,0.45
FBSH,Jamaica,JAM,2004,Milk - Excluding Butter,188.35,10.42,10.38
FBSH,Jamaica,JAM,2004,"Pulses, Other and products",7.64,0.5,0.04
FBSH,Jamaica,JAM,2004,Rice and products,269.46,5.55,1.06
FBSH,Jamaica,JAM,2004,Wheat and products,547.98,17.24,1.98
FBSH,Japan,JPN,2004,Eggs,75.47,5.98,5.31
FBSH,Japan,JPN,2004,Maize and products,88.89,0.19,0.28
FBSH,Japan,JPN,2004,Milk - Excluding Butter,124.03,7.82,6.12
FBSH,Japan,JPN,2004,"Pulses, Other and products",0.67,0.05,0.0
FBSH,Japan,JPN,2004,Rice and products,610.78,10.86,1.36
FBSH,Japan,JPN,2004,Wheat and products,369.41,10.13,1.63
FBSH,Jordan,JOR,2004,Eggs,23.59,1.78,1.69
FBSH,Jordan,JOR,2004,Maize and products,13.3,0.31,0.04
FBSH,Jordan,JOR,2004,Milk - Excluding Butter,162.19,9.43,9.29
FBSH,Jordan,JOR,2004,"Pulses, Other and products",73.42,4.58,0.57
FBSH,Jordan,JOR,2004,Rice and products,261.68,5.01,0.49
FBSH,Jordan,JOR,2004,Wheat and products,1042.15,31.12,6.6
FBSH,Kazakhstan,KAZ,2004,Eggs,22.96,1.76,1.62
FBSH,Kazakhstan,KAZ,2004,Maize and products,7.44,0.17,0.02
FBSH,Kazakhstan,KAZ,2004,Milk - Excluding Butter,381.46,20.91,20.36
FBSH,Kazakhstan,KAZ,2004,"Pulses, Other and products",0.0,0.0,0.0
FBSH,Kazakhstan,KAZ,2004,Rice and products,96.01,1.82,0.24
FBSH,Kazakhstan,KAZ,2004,Wheat and products,1020.48,30.26,4.3
FBSH,Kenya,KEN,2004,Eggs,4.84,0.41,0.33
FBSH,Kenya,KEN,2004,Maize and products,720.16,18.97,7.75
FBSH,Kenya,KEN,2004,Milk - Excluding Butter,183.22,8.77,10.29
FBSH,Kenya,KEN,2004,"Pulses, Other and products",42.58,2.72,0.23
FBSH,Kenya,KEN,2004,Rice and products,69.41,1.32,0.11
FBSH,Kenya,KEN,2004,Wheat and products,163.85,4.95,0.6
FBSH,Kiribati,KIR,2004,Eggs,7.94,0.62,0.55
FBSH,Kiribati,KIR,2004,Maize and products,0.0,None,None
FBSH,Kiribati,KIR,2004,Milk - Excluding Butter,17.52,0.89,0.86
FBSH,Kiribati,KIR,2004,"Pulses, Other and products",0.0,0.0,None
FBSH,Kiribati,KIR,2004,Rice and products,459.47,8.56,0.89
FBSH,Kiribati,KIR,2004,Wheat and products,413.05,12.13,1.69
FBSH,Kuwait,KWT,2004,Eggs,55.51,4.27,3.91
FBSH,Kuwait,KWT,2004,Maize and products,44.69,1.03,0.15
FBSH,Kuwait,KWT,2004,Milk - Excluding Butter,183.12,10.46,10.71
FBSH,Kuwait,KWT,2004,"Pulses, Other and products",66.58,4.31,0.48
FBSH,Kuwait,KWT,2004,Rice and products,534.47,9.95,1.04
FBSH,Kuwait,KWT,2004,Wheat and products,882.08,25.61,4.63
FBSH,Kyrgyzstan,KGZ,2004,Eggs,12.39,0.95,0.87
FBSH,Kyrgyzstan,KGZ,2004,Maize and products,191.7,4.44,0.63
FBSH,Kyrgyzstan,KGZ,2004,Milk - Excluding Butter,346.77,18.65,18.43
FBSH,Kyrgyzstan,KGZ,2004,"Pulses, Other and products",0.02,0.0,0.0
FBSH,Kyrgyzstan,KGZ,2004,Rice and products,25.44,0.47,0.05
FBSH,Kyrgyzstan,KGZ,2004,Wheat and products,1126.99,33.72,3.84
FBSH,Laos,LAO,2004,Eggs,7.42,0.57,0.52
FBSH,Laos,LAO,2004,Maize and products,139.27,3.46,1.31
FBSH,Laos,LAO,2004,Milk - Excluding Butter,9.14,0.35,0.27
FBSH,Laos,LAO,2004,"Pulses, Other and products",21.49,1.39,0.13
FBSH,Laos,LAO,2004,Rice and products,1430.66,33.47,6.38
FBSH,Laos,LAO,2004,Wheat and products,13.76,0.33,0.22
FBSH,Latvia,LVA,2004,Eggs,48.41,3.72,3.41
FBSH,Latvia,LVA,2004,Maize and products,4.86,0.11,0.02
FBSH,Latvia,LVA,2004,Milk - Excluding Butter,310.07,18.36,16.8
FBSH,Latvia,LVA,2004,"Pulses, Other and products",0.0,0.0,None
FBSH,Latvia,LVA,2004,Rice and products,22.55,0.42,0.04
FBSH,Latvia,LVA,2004,Wheat and products,507.72,15.0,1.89
FBSH,Lebanon,LBN,2004,Eggs,29.07,2.19,2.09
FBSH,Lebanon,LBN,2004,Maize and products,1.4,0.04,0.0
FBSH,Lebanon,LBN,2004,Milk - Excluding Butter,168.64,10.27,10.26
FBSH,Lebanon,LBN,2004,"Pulses, Other and products",63.66,4.22,0.49
FBSH,Lebanon,LBN,2004,Rice and products,98.94,1.9,0.2
FBSH,Lebanon,LBN,2004,Wheat and products,948.52,25.31,3.36
FBSH,Lesotho,LSO,2004,Eggs,2.47,0.21,0.17
FBSH,Lesotho,LSO,2004,Maize and products,1404.52,37.0,15.12
FBSH,Lesotho,LSO,2004,Milk - Excluding Butter,30.23,1.52,1.73
None,Lesotho,LSO,2004,"Pulses, Other and products",None,None,None
FBSH,Lesotho,LSO,2004,Rice and products,53.43,0.99,0.1
FBSH,Lesotho,LSO,2004,Wheat and products,346.31,10.47,1.24
FBSH,Liberia,LBR,2004,Eggs,5.57,0.47,0.38
FBSH,Liberia,LBR,2004,Maize and products,36.36,0.84,0.12
FBSH,Liberia,LBR,2004,Milk - Excluding Butter,7.15,0.37,0.34
FBSH,Liberia,LBR,2004,"Pulses, Other and products",20.64,1.34,0.12
FBSH,Liberia,LBR,2004,Rice and products,508.45,10.14,1.43
FBSH,Liberia,LBR,2004,Wheat and products,252.78,6.51,1.3
None,Libya,LBY,2004,Eggs,None,None,None
None,Libya,LBY,2004,Maize and products,None,None,None
None,Libya,LBY,2004,Milk - Excluding Butter,None,None,None
None,Libya,LBY,2004,"Pulses, Other and products",None,None,None
None,Libya,LBY,2004,Rice and products,None,None,None
None,Libya,LBY,2004,Wheat and products,None,None,None
None,Liechtenstein,LIE,2004,Eggs,None,None,None
None,Liechtenstein,LIE,2004,Maize and products,None,None,None
None,Liechtenstein,LIE,2004,Milk - Excluding Butter,None,None,None
None,Liechtenstein,LIE,2004,"Pulses, Other and products",None,None,None
None,Liechtenstein,LIE,2004,Rice and products,None,None,None
None,Liechtenstein,LIE,2004,Wheat and products,None,None,None
FBSH,Lithuania,LTU,2004,Eggs,48.49,3.72,3.43
FBSH,Lithuania,LTU,2004,Maize and products,3.78,0.09,0.01
FBSH,Lithuania,LTU,2004,Milk - Excluding Butter,309.55,20.26,14.64
FBSH,Lithuania,LTU,2004,"Pulses, Other and products",1.12,0.07,0.01
FBSH,Lithuania,LTU,2004,Rice and products,29.36,0.55,0.06
FBSH,Lithuania,LTU,2004,Wheat and products,972.91,29.0,4.24
FBSH,Luxembourg,LUX,2004,Eggs,36.37,2.77,2.58
FBSH,Luxembourg,LUX,2004,Maize and products,51.47,1.19,0.17
FBSH,Luxembourg,LUX,2004,Milk - Excluding Butter,476.64,26.71,27.72
FBSH,Luxembourg,LUX,2004,"Pulses, Other and products",6.91,0.47,0.04
FBSH,Luxembourg,LUX,2004,Rice and products,25.49,0.48,0.08
FBSH,Luxembourg,LUX,2004,Wheat and products,580.66,15.32,8.22
FBSH,Madagascar,MDG,2004,Eggs,2.91,0.24,0.2
FBSH,Madagascar,MDG,2004,Maize and products,144.5,3.7,1.37
FBSH,Madagascar,MDG,2004,Milk - Excluding Butter,46.98,2.35,2.54
FBSH,Madagascar,MDG,2004,"Pulses, Other and products",4.12,0.24,0.05
FBSH,Madagascar,MDG,2004,Rice and products,1021.5,22.29,3.77
FBSH,Madagascar,MDG,2004,Wheat and products,46.61,1.4,0.2
FBSH,Malawi,MWI,2004,Eggs,4.83,0.41,0.33
FBSH,Malawi,MWI,2004,Maize and products,1166.82,30.74,12.56
FBSH,Malawi,MWI,2004,Milk - Excluding Butter,6.34,0.32,0.34
FBSH,Malawi,MWI,2004,"Pulses, Other and products",81.53,4.89,0.43
FBSH,Malawi,MWI,2004,Rice and products,41.18,0.79,0.06
FBSH,Malawi,MWI,2004,Wheat and products,48.25,1.42,0.23
FBSH,Malaysia,MYS,2004,Eggs,49.66,3.91,3.51
FBSH,Malaysia,MYS,2004,Maize and products,83.92,2.02,0.93
FBSH,Malaysia,MYS,2004,Milk - Excluding Butter,101.95,3.73,3.27
FBSH,Malaysia,MYS,2004,"Pulses, Other and products",6.07,0.36,0.04
FBSH,Malaysia,MYS,2004,Rice and products,702.14,12.48,1.58
FBSH,Malaysia,MYS,2004,Wheat and products,426.74,11.15,1.63
FBSH,Maldives,MDV,2004,Eggs,36.86,2.83,2.6
FBSH,Maldives,MDV,2004,Maize and products,4.4,0.1,0.03
FBSH,Maldives,MDV,2004,Milk - Excluding Butter,131.83,5.75,5.46
FBSH,Maldives,MDV,2004,"Pulses, Other and products",21.96,1.36,0.13
FBSH,Maldives,MDV,2004,Rice and products,458.41,9.11,1.15
FBSH,Maldives,MDV,2004,Wheat and products,499.86,11.64,3.12
FBSH,Mali,MLI,2004,Eggs,1.61,0.14,0.11
FBSH,Mali,MLI,2004,Maize and products,242.71,6.39,2.61
FBSH,Mali,MLI,2004,Milk - Excluding Butter,157.58,7.58,9.06
FBSH,Mali,MLI,2004,"Pulses, Other and products",110.86,7.12,0.86
FBSH,Mali,MLI,2004,Rice and products,513.11,11.08,1.85
FBSH,Mali,MLI,2004,Wheat and products,58.83,1.72,0.37
FBSH,Malta,MLT,2004,Eggs,47.19,3.81,3.31
FBSH,Malta,MLT,2004,Maize and products,32.87,0.76,0.11
FBSH,Malta,MLT,2004,Milk - Excluding Butter,301.39,18.22,18.7
FBSH,Malta,MLT,2004,"Pulses, Other and products",22.3,1.51,0.14
FBSH,Malta,MLT,2004,Rice and products,39.07,0.76,0.09
FBSH,Malta,MLT,2004,Wheat and products,1005.02,30.84,7.9
None,Marshall Islands,MHL,2004,Eggs,None,None,None
None,Marshall Islands,MHL,2004,Maize and products,None,None,None
None,Marshall Islands,MHL,2004,Milk - Excluding Butter,None,None,None
None,Marshall Islands,MHL,2004,"Pulses, Other and products",None,None,None
None,Marshall Islands,MHL,2004,Rice and products,None,None,None
None,Marshall Islands,MHL,2004,Wheat and products,None,None,None
FBSH,Mauritania,MRT,2004,Eggs,5.91,0.5,0.4
FBSH,Mauritania,MRT,2004,Maize and products,26.03,0.69,0.28
FBSH,Mauritania,MRT,2004,Milk - Excluding Butter,277.23,14.35,15.54
FBSH,Mauritania,MRT,2004,"Pulses, Other and products",56.05,3.65,0.31
FBSH,Mauritania,MRT,2004,Rice and products,281.27,5.38,0.43
FBSH,Mauritania,MRT,2004,Wheat and products,937.81,28.08,3.58
FBSH,Mauritius,MUS,2004,Eggs,32.89,2.78,2.25
FBSH,Mauritius,MUS,2004,Maize and products,19.56,0.45,0.07
FBSH,Mauritius,MUS,2004,Milk - Excluding Butter,180.04,11.38,8.18
FBSH,Mauritius,MUS,2004,"Pulses, Other and products",54.53,3.62,0.31
FBSH,Mauritius,MUS,2004,Rice and products,552.37,10.66,0.78
FBSH,Mauritius,MUS,2004,Wheat and products,816.48,22.8,3.39
FBSH,Mexico,MEX,2004,Eggs,56.48,4.32,3.72
FBSH,Mexico,MEX,2004,Maize and products,1011.41,26.05,11.21
FBSH,Mexico,MEX,2004,Milk - Excluding Butter,162.76,9.75,8.83
FBSH,Mexico,MEX,2004,"Pulses, Other and products",13.99,1.13,0.1
FBSH,Mexico,MEX,2004,Rice and products,53.64,1.06,0.09
FBSH,Mexico,MEX,2004,Wheat and products,258.56,6.93,0.92
None,Micronesia,FSM,2004,Eggs,None,None,None
None,Micronesia,FSM,2004,Maize and products,None,None,None
None,Micronesia,FSM,2004,Milk - Excluding Butter,None,None,None
None,Micronesia,FSM,2004,"Pulses, Other and products",None,None,None
None,Micronesia,FSM,2004,Rice and products,None,None,None
None,Micronesia,FSM,2004,Wheat and products,None,None,None
FBSH,Moldova,MDA,2004,Eggs,33.55,2.58,2.37
FBSH,Moldova,MDA,2004,Maize and products,654.44,15.14,2.16
FBSH,Moldova,MDA,2004,Milk - Excluding Butter,248.18,12.58,12.23
FBSH,Moldova,MDA,2004,"Pulses, Other and products",0.01,0.0,None
FBSH,Moldova,MDA,2004,Rice and products,27.98,0.52,0.06
FBSH,Moldova,MDA,2004,Wheat and products,622.32,18.49,2.28
None,Monaco,MCO,2004,Eggs,None,None,None
None,Monaco,MCO,2004,Maize and products,None,None,None
None,Monaco,MCO,2004,Milk - Excluding Butter,None,None,None
None,Monaco,MCO,2004,"Pulses, Other and products",None,None,None
None,Monaco,MCO,2004,Rice and products,None,None,None
None,Monaco,MCO,2004,Wheat and products,None,None,None
FBSH,Mongolia,MNG,2004,Eggs,2.61,0.21,0.18
FBSH,Mongolia,MNG,2004,Maize and products,0.05,0.0,0.0
FBSH,Mongolia,MNG,2004,Milk - Excluding Butter,240.72,12.33,13.19
FBSH,Mongolia,MNG,2004,"Pulses, Other and products",4.46,0.29,0.03
FBSH,Mongolia,MNG,2004,Rice and products,68.52,1.22,0.17
FBSH,Mongolia,MNG,2004,Wheat and products,943.68,23.53,4.56
None,Montenegro,MNE,2004,Eggs,None,None,None
None,Montenegro,MNE,2004,Maize and products,None,None,None
None,Montenegro,MNE,2004,Milk - Excluding Butter,None,None,None
None,Montenegro,MNE,2004,"Pulses, Other and products",None,None,None
None,Montenegro,MNE,2004,Rice and products,None,None,None
None,Montenegro,MNE,2004,Wheat and products,None,None,None
FBSH,Morocco,MAR,2004,Eggs,21.93,1.85,1.5
FBSH,Morocco,MAR,2004,Maize and products,267.82,6.84,2.4
FBSH,Morocco,MAR,2004,Milk - Excluding Butter,48.31,3.43,1.93
FBSH,Morocco,MAR,2004,"Pulses, Other and products",48.72,3.44,0.24
FBSH,Morocco,MAR,2004,Rice and products,6.84,0.14,0.02
FBSH,Morocco,MAR,2004,Wheat and products,1428.32,43.67,5.66
FBSH,Mozambique,MOZ,2004,Eggs,1.56,0.13,0.11
FBSH,Mozambique,MOZ,2004,Maize and products,428.44,11.29,4.61
FBSH,Mozambique,MOZ,2004,Milk - Excluding Butter,7.8,0.42,0.4
FBSH,Mozambique,MOZ,2004,"Pulses, Other and products",70.79,4.69,0.34
FBSH,Mozambique,MOZ,2004,Rice and products,126.74,2.44,0.17
FBSH,Mozambique,MOZ,2004,Wheat and products,147.13,4.33,0.49
FBSH,Myanmar,MMR,2004,Eggs,11.15,0.85,0.79
FBSH,Myanmar,MMR,2004,Maize and products,16.81,0.42,0.16
FBSH,Myanmar,MMR,2004,Milk - Excluding Butter,32.13,2.39,1.63
FBSH,Myanmar,MMR,2004,"Pulses, Other and products",66.93,4.06,0.48
FBSH,Myanmar,MMR,2004,Rice and products,1196.77,28.0,5.33
FBSH,Myanmar,MMR,2004,Wheat and products,31.11,0.77,0.16
FBSH,Namibia,NAM,2004,Eggs,5.06,0.41,0.35
FBSH,Namibia,NAM,2004,Maize and products,320.3,8.44,3.45
FBSH,Namibia,NAM,2004,Milk - Excluding Butter,103.51,5.28,5.74
FBSH,Namibia,NAM,2004,"Pulses, Other and products",65.71,4.27,0.4
FBSH,Namibia,NAM,2004,Rice and products,35.39,0.65,0.07
FBSH,Namibia,NAM,2004,Wheat and products,310.2,9.05,2.09
None,Nauru,NRU,2004,Eggs,None,None,None
None,Nauru,NRU,2004,Maize and products,None,None,None
None,Nauru,NRU,2004,Milk - Excluding Butter,None,None,None
None,Nauru,NRU,2004,"Pulses, Other and products",None,None,None
None,Nauru,NRU,2004,Rice and products,None,None,None
None,Nauru,NRU,2004,Wheat and products,None,None,None
FBSH,Nepal,NPL,2004,Eggs,4.11,0.32,0.29
FBSH,Nepal,NPL,2004,Maize and products,344.36,8.42,3.18
FBSH,Nepal,NPL,2004,Milk - Excluding Butter,86.49,4.25,5.19
FBSH,Nepal,NPL,2004,"Pulses, Other and products",69.36,4.61,0.4
FBSH,Nepal,NPL,2004,Rice and products,852.79,16.96,2.15
FBSH,Nepal,NPL,2004,Wheat and products,334.46,9.84,1.67
FBSH,Netherlands,NLD,2004,Eggs,71.22,5.76,5.0
FBSH,Netherlands,NLD,2004,Maize and products,15.94,0.37,0.05
FBSH,Netherlands,NLD,2004,Milk - Excluding Butter,457.48,30.36,27.11
FBSH,Netherlands,NLD,2004,"Pulses, Other and products",4.32,0.29,0.03
FBSH,Netherlands,NLD,2004,Rice and products,32.45,0.58,0.07
FBSH,Netherlands,NLD,2004,Wheat and products,519.75,16.92,2.07
FBSH,New Zealand,NZL,2004,Eggs,38.72,2.95,2.74
FBSH,New Zealand,NZL,2004,Maize and products,19.96,0.45,0.06
FBSH,New Zealand,NZL,2004,Milk - Excluding Butter,134.59,7.43,7.99
FBSH,New Zealand,NZL,2004,"Pulses, Other and products",8.86,0.61,0.04
FBSH,New Zealand,NZL,2004,Rice and products,94.47,1.91,0.17
FBSH,New Zealand,NZL,2004,Wheat and products,604.55,17.66,1.91
FBSH,Nicaragua,NIC,2004,Eggs,14.1,1.07,0.93
FBSH,Nicaragua,NIC,2004,Maize and products,545.01,14.2,6.45
FBSH,Nicaragua,NIC,2004,Milk - Excluding Butter,122.11,7.08,7.03
FBSH,Nicaragua,NIC,2004,"Pulses, Other and products",2.08,0.15,0.01
FBSH,Nicaragua,NIC,2004,Rice and products,482.08,9.54,0.8
FBSH,Nicaragua,NIC,2004,Wheat and products,217.26,5.56,1.06
FBSH,Niger,NER,2004,Eggs,1.4,0.12,0.1
FBSH,Niger,NER,2004,Maize and products,54.13,1.43,0.58
FBSH,Niger,NER,2004,Milk - Excluding Butter,89.66,5.71,5.1
FBSH,Niger,NER,2004,"Pulses, Other and products",228.85,15.19,1.06
FBSH,Niger,NER,2004,Rice and products,192.85,3.72,0.27
FBSH,Niger,NER,2004,Wheat and products,37.58,1.06,0.16
FBSH,Nigeria,NGA,2004,Eggs,10.91,0.92,0.75
FBSH,Nigeria,NGA,2004,Maize and products,195.08,5.14,2.1
FBSH,Nigeria,NGA,2004,Milk - Excluding Butter,13.02,0.77,0.59
FBSH,Nigeria,NGA,2004,"Pulses, Other and products",83.11,5.47,0.39
FBSH,Nigeria,NGA,2004,Rice and products,217.47,4.26,0.3
FBSH,Nigeria,NGA,2004,Wheat and products,134.36,3.8,0.37
FBSH,North Korea,PRK,2004,Eggs,21.46,1.7,1.51
FBSH,North Korea,PRK,2004,Maize and products,328.99,7.98,3.45
FBSH,North Korea,PRK,2004,Milk - Excluding Butter,9.37,0.55,0.43
FBSH,North Korea,PRK,2004,"Pulses, Other and products",1.9,0.12,0.01
FBSH,North Korea,PRK,2004,Rice and products,765.73,13.39,1.67
FBSH,North Korea,PRK,2004,Wheat and products,208.18,5.92,0.82
FBSH,North Macedonia,MKD,2004,Eggs,34.23,2.64,2.41
FBSH,North Macedonia,MKD,2004,Maize and products,212.57,4.92,0.7
FBSH,North Macedonia,MKD,2004,Milk - Excluding Butter,166.14,11.52,7.82
FBSH,North Macedonia,MKD,2004,"Pulses, Other and products",6.26,0.38,0.06
FBSH,North Macedonia,MKD,2004,Rice and products,24.02,0.45,0.05
FBSH,North Macedonia,MKD,2004,Wheat and products,751.55,21.99,4.01
FBSH,Norway,NOR,2004,Eggs,40.12,3.24,2.82
FBSH,Norway,NOR,2004,Maize and products,0.0,0.0,0.0
FBSH,Norway,NOR,2004,Milk - Excluding Butter,331.85,22.0,19.83
FBSH,Norway,NOR,2004,"Pulses, Other and products",8.97,0.52,0.1
FBSH,Norway,NOR,2004,Rice and products,48.0,0.93,0.08
FBSH,Norway,NOR,2004,Wheat and products,784.35,24.05,3.98
FBSH,Oman,OMN,2004,Eggs,25.18,1.94,1.78
FBSH,Oman,OMN,2004,Maize and products,89.74,2.08,0.3
FBSH,Oman,OMN,2004,Milk - Excluding Butter,177.46,9.54,10.13
FBSH,Oman,OMN,2004,"Pulses, Other and products",18.05,1.24,0.11
FBSH,Oman,OMN,2004,Rice and products,495.74,9.23,0.96
FBSH,Oman,OMN,2004,Wheat and products,385.19,10.94,2.85
FBSH,Pakistan,PAK,2004,Eggs,8.03,0.62,0.57
FBSH,Pakistan,PAK,2004,Maize and products,95.31,2.55,1.31
FBSH,Pakistan,PAK,2004,Milk - Excluding Butter,270.15,16.38,13.87
FBSH,Pakistan,PAK,2004,"Pulses, Other and products",37.78,2.26,0.31
FBSH,Pakistan,PAK,2004,Rice and products,158.99,3.04,0.3
FBSH,Pakistan,PAK,2004,Wheat and products,896.16,23.39,4.48
None,Palau,PLW,2004,Eggs,None,None,None
None,Palau,PLW,2004,Maize and products,None,None,None
None,Palau,PLW,2004,Milk - Excluding Butter,None,None,None
None,Palau,PLW,2004,"Pulses, Other and products",None,None,None
None,Palau,PLW,2004,Rice and products,None,None,None
None,Palau,PLW,2004,Wheat and products,None,None,None
None,Palestine,PSE,2004,Eggs,None,None,None
None,Palestine,PSE,2004,Maize and products,None,None,None
None,Palestine,PSE,2004,Milk - Excluding Butter,None,None,None
None,Palestine,PSE,2004,"Pulses, Other and products",None,None,None
None,Palestine,PSE,2004,Rice and products,None,None,None
None,Palestine,PSE,2004,Wheat and products,None,None,None
FBSH,Panama,PAN,2004,Eggs,20.17,1.54,1.33
FBSH,Panama,PAN,2004,Maize and products,149.24,3.37,0.46
FBSH,Panama,PAN,2004,Milk - Excluding Butter,149.51,9.09,7.48
FBSH,Panama,PAN,2004,"Pulses, Other and products",26.16,1.73,0.12
FBSH,Panama,PAN,2004,Rice and products,531.92,10.52,0.88
FBSH,Panama,PAN,2004,Wheat and products,241.11,6.54,1.76
None,Papua New Guinea,PNG,2004,Eggs,None,None,None
None,Papua New Guinea,PNG,2004,Maize and products,None,None,None
None,Papua New Guinea,PNG,2004,Milk - Excluding Butter,None,None,None
None,Papua New Guinea,PNG,2004,"Pulses, Other and products",None,None,None
None,Papua New Guinea,PNG,2004,Rice and products,None,None,None
None,Papua New Guinea,PNG,2004,Wheat and products,None,None,None
FBSH,Paraguay,PRY,2004,Eggs,61.21,4.66,4.05
FBSH,Paraguay,PRY,2004,Maize and products,498.58,12.98,5.94
FBSH,Paraguay,PRY,2004,Milk - Excluding Butter,114.26,5.83,6.05
FBSH,Paraguay,PRY,2004,"Pulses, Other and products",14.63,1.0,0.09
FBSH,Paraguay,PRY,2004,Rice and products,99.67,1.97,0.17
FBSH,Paraguay,PRY,2004,Wheat and products,181.05,4.66,1.55
FBSH,Peru,PER,2004,Eggs,16.16,1.23,1.07
FBSH,Peru,PER,2004,Maize and products,165.63,4.36,1.97
FBSH,Peru,PER,2004,Milk - Excluding Butter,80.12,4.17,4.29
FBSH,Peru,PER,2004,"Pulses, Other and products",30.02,2.21,0.28
FBSH,Peru,PER,2004,Rice and products,485.85,9.61,0.8
FBSH,Peru,PER,2004,Wheat and products,320.07,9.92,1.61
FBSH,Philippines,PHL,2004,Eggs,14.53,1.13,1.04
FBSH,Philippines,PHL,2004,Maize and products,68.78,1.42,0.21
FBSH,Philippines,PHL,2004,Milk - Excluding Butter,21.36,1.79,0.49
FBSH,Philippines,PHL,2004,"Pulses, Other and products",3.38,0.22,0.02
FBSH,Philippines,PHL,2004,Rice and products,1143.42,20.0,2.5
FBSH,Philippines,PHL,2004,Wheat and products,172.56,4.66,0.54
FBSH,Poland,POL,2004,Eggs,45.23,3.66,3.18
None,Poland,POL,2004,Maize and products,None,None,None
FBSH,Poland,POL,2004,Milk - Excluding Butter,220.39,13.87,14.84
FBSH,Poland,POL,2004,"Pulses, Other and products",0.27,0.02,0.0
FBSH,Poland,POL,2004,Rice and products,15.82,0.31,0.03
FBSH,Poland,POL,2004,Wheat and products,868.71,27.49,2.99
FBSH,Portugal,PRT,2004,Eggs,38.57,3.12,2.71
FBSH,Portugal,PRT,2004,Maize and products,78.48,1.82,0.26
FBSH,Portugal,PRT,2004,Milk - Excluding Butter,271.37,18.08,13.14
FBSH,Portugal,PRT,2004,"Pulses, Other and products",12.11,0.72,0.1
FBSH,Portugal,PRT,2004,Rice and products,161.62,3.05,0.3
FBSH,Portugal,PRT,2004,Wheat and products,703.87,22.09,4.17
None,Qatar,QAT,2004,Eggs,None,None,None
None,Qatar,QAT,2004,Maize and products,None,None,None
None,Qatar,QAT,2004,Milk - Excluding Butter,None,None,None
None,Qatar,QAT,2004,"Pulses, Other and products",None,None,None
None,Qatar,QAT,2004,Rice and products,None,None,None
None,Qatar,QAT,2004,Wheat and products,None,None,None
FBSH,Romania,ROU,2004,Eggs,55.08,4.38,3.89
FBSH,Romania,ROU,2004,Maize and products,257.18,5.95,0.85
FBSH,Romania,ROU,2004,Milk - Excluding Butter,436.74,23.2,25.83
FBSH,Romania,ROU,2004,"Pulses, Other and products",0.37,0.02,0.0
FBSH,Romania,ROU,2004,Rice and products,44.61,0.93,0.21
FBSH,Romania,ROU,2004,Wheat and products,1067.99,34.71,4.36
FBSH,Russia,RUS,2004,Eggs,51.28,3.94,3.62
FBSH,Russia,RUS,2004,Maize and products,4.15,0.1,0.01
FBSH,Russia,RUS,2004,Milk - Excluding Butter,253.21,15.14,14.01
FBSH,Russia,RUS,2004,"Pulses, Other and products",0.07,0.0,0.0
FBSH,Russia,RUS,2004,Rice and products,48.94,0.91,0.1
FBSH,Russia,RUS,2004,Wheat and products,1018.65,30.47,3.16
FBSH,Rwanda,RWA,2004,Eggs,0.83,0.07,0.06
FBSH,Rwanda,RWA,2004,Maize and products,108.46,2.86,1.17
FBSH,Rwanda,RWA,2004,Milk - Excluding Butter,27.32,1.37,1.47
FBSH,Rwanda,RWA,2004,"Pulses, Other and products",0.0,0.0,0.0
FBSH,Rwanda,RWA,2004,Rice and products,31.23,0.6,0.04
FBSH,Rwanda,RWA,2004,Wheat and products,32.22,0.96,0.14
FBSH,Saint Kitts and Nevis,KNA,2004,Eggs,15.24,1.14,1.03
FBSH,Saint Kitts and Nevis,KNA,2004,Maize and products,10.27,0.23,0.06
FBSH,Saint Kitts and Nevis,KNA,2004,Milk - Excluding Butter,209.7,7.36,7.53
FBSH,Saint Kitts and Nevis,KNA,2004,"Pulses, Other and products",41.27,2.68,0.23
FBSH,Saint Kitts and Nevis,KNA,2004,Rice and products,207.53,3.88,0.4
FBSH,Saint Kitts and Nevis,KNA,2004,Wheat and products,374.14,10.62,2.63
FBSH,Saint Lucia,LCA,2004,Eggs,15.98,1.21,1.04
FBSH,Saint Lucia,LCA,2004,Maize and products,28.81,0.62,0.1
FBSH,Saint Lucia,LCA,2004,Milk - Excluding Butter,172.57,9.68,9.08
FBSH,Saint Lucia,LCA,2004,"Pulses, Other and products",41.36,2.86,0.2
FBSH,Saint Lucia,LCA,2004,Rice and products,98.53,2.02,0.39
FBSH,Saint Lucia,LCA,2004,Wheat and products,684.39,18.47,2.2
FBSH,Saint Vincent and the Grenadines,VCT,2004,Eggs,20.74,1.58,1.46
FBSH,Saint Vincent and the Grenadines,VCT,2004,Maize and products,74.35,1.71,0.25
FBSH,Saint Vincent and the Grenadines,VCT,2004,Milk - Excluding Butter,111.42,6.61,5.2
FBSH,Saint Vincent and the Grenadines,VCT,2004,"Pulses, Other and products",54.42,3.62,0.3
FBSH,Saint Vincent and the Grenadines,VCT,2004,Rice and products,288.65,5.48,0.68
FBSH,Saint Vincent and the Grenadines,VCT,2004,Wheat and products,505.01,14.48,2.41
FBSH,Samoa,WSM,2004,Eggs,15.95,1.27,1.12
FBSH,Samoa,WSM,2004,Maize and products,1.12,0.03,None
FBSH,Samoa,WSM,2004,Milk - Excluding Butter,50.72,2.42,2.53
FBSH,Samoa,WSM,2004,"Pulses, Other and products",0.21,0.02,None
FBSH,Samoa,WSM,2004,Rice and products,148.19,2.6,0.32
FBSH,Samoa,WSM,2004,Wheat and products,419.59,11.79,2.62
None,San Marino,SMR,2004,Eggs,None,None,None
None,San Marino,SMR,2004,Maize and products,None,None,None
None,San Marino,SMR,2004,Milk - Excluding Butter,None,None,None
None,San Marino,SMR,2004,"Pulses, Other and products",None,None,None
None,San Marino,SMR,2004,Rice and products,None,None,None
None,San Marino,SMR,2004,Wheat and products,None,None,None
FBSH,Sao Tome and Principe,STP,2004,Eggs,9.25,0.78,0.64
FBSH,Sao Tome and Principe,STP,2004,Maize and products,196.28,5.17,2.1
FBSH,Sao Tome and Principe,STP,2004,Milk - Excluding Butter,43.64,2.74,1.81
FBSH,Sao Tome and Principe,STP,2004,"Pulses, Other and products",33.58,2.12,0.24
FBSH,Sao Tome and Principe,STP,2004,Rice and products,231.79,4.5,0.4
FBSH,Sao Tome and Principe,STP,2004,Wheat and products,347.96,10.34,1.85
FBSH,Saudi Arabia,SAU,2004,Eggs,16.55,1.25,1.19
FBSH,Saudi Arabia,SAU,2004,Maize and products,171.03,4.47,2.38
FBSH,Saudi Arabia,SAU,2004,Milk - Excluding Butter,146.93,9.15,6.51
FBSH,Saudi Arabia,SAU,2004,"Pulses, Other and products",35.55,2.29,0.27
FBSH,Saudi Arabia,SAU,2004,Rice and products,343.43,6.57,0.65
FBSH,Saudi Arabia,SAU,2004,Wheat and products,789.08,23.76,4.56
FBSH,Senegal,SEN,2004,Eggs,6.1,0.52,0.42
FBSH,Senegal,SEN,2004,Maize and products,188.27,4.96,2.03
FBSH,Senegal,SEN,2004,Milk - Excluding Butter,50.27,2.61,2.71
FBSH,Senegal,SEN,2004,"Pulses, Other and products",17.34,1.15,0.07
FBSH,Senegal,SEN,2004,Rice and products,699.73,14.06,1.37
FBSH,Senegal,SEN,2004,Wheat and products,221.06,6.54,1.56
None,Serbia,SRB,2004,Eggs,None,None,None
None,Serbia,SRB,2004,Maize and products,None,None,None
None,Serbia,SRB,2004,Milk - Excluding Butter,None,None,None
None,Serbia,SRB,2004,"Pulses, Other and products",None,None,None
None,Serbia,SRB,2004,Rice and products,None,None,None
None,Serbia,SRB,2004,Wheat and products,None,None,None
None,Seychelles,SYC,2004,Eggs,None,None,None
None,Seychelles,SYC,2004,Maize and products,None,None,None
None,Seychelles,SYC,2004,Milk - Excluding Butter,None,None,None
None,Seychelles,SYC,2004,"Pulses, Other and products",None,None,None
None,Seychelles,SYC,2004,Rice and products,None,None,None
None,Seychelles,SYC,2004,Wheat and products,None,None,None
FBSH,Sierra Leone,SLE,2004,Eggs,2.08,0.18,0.14
FBSH,Sierra Leone,SLE,2004,Maize and products,27.13,0.71,0.29
FBSH,Sierra Leone,SLE,2004,Milk - Excluding Butter,8.78,0.45,0.46
FBSH,Sierra Leone,SLE,2004,"Pulses, Other and products",99.36,6.47,0.58
FBSH,Sierra Leone,SLE,2004,Rice and products,778.84,14.97,1.29
FBSH,Sierra Leone,SLE,2004,Wheat and products,130.11,3.72,0.58
None,Singapore,SGP,2004,Eggs,None,None,None
None,Singapore,SGP,2004,Maize and products,None,None,None
None,Singapore,SGP,2004,Milk - Excluding Butter,None,None,None
None,Singapore,SGP,2004,"Pulses, Other and products",None,None,None
None,Singapore,SGP,2004,Rice and products,None,None,None
None,Singapore,SGP,2004,Wheat and products,None,None,None
FBSH,Slovakia,SVK,2004,Eggs,46.26,3.53,3.27
FBSH,Slovakia,SVK,2004,Maize and products,0.0,0.0,None
FBSH,Slovakia,SVK,2004,Milk - Excluding Butter,121.91,8.27,7.82
FBSH,Slovakia,SVK,2004,"Pulses, Other and products",6.06,0.42,0.03
FBSH,Slovakia,SVK,2004,Rice and products,57.05,1.06,0.11
FBSH,Slovakia,SVK,2004,Wheat and products,819.4,24.16,3.62
FBSH,Slovenia,SVN,2004,Eggs,23.17,1.78,1.63
FBSH,Slovenia,SVN,2004,Maize and products,309.89,7.17,1.02
FBSH,Slovenia,SVN,2004,Milk - Excluding Butter,314.6,21.59,16.22
FBSH,Slovenia,SVN,2004,"Pulses, Other and products",0.28,0.02,0.0
FBSH,Slovenia,SVN,2004,Rice and products,29.93,0.56,0.06
FBSH,Slovenia,SVN,2004,Wheat and products,643.95,18.19,5.13
FBSH,Solomon Islands,SLB,2004,Eggs,3.78,0.3,0.26
FBSH,Solomon Islands,SLB,2004,Maize and products,1.35,0.03,0.01
FBSH,Solomon Islands,SLB,2004,Milk - Excluding Butter,11.22,0.56,0.54
FBSH,Solomon Islands,SLB,2004,"Pulses, Other and products",76.08,4.92,0.45
FBSH,Solomon Islands,SLB,2004,Rice and products,586.97,10.27,1.29
FBSH,Solomon Islands,SLB,2004,Wheat and products,191.75,5.56,0.69
None,Somalia,SOM,2004,Eggs,None,None,None
None,Somalia,SOM,2004,Maize and products,None,None,None
None,Somalia,SOM,2004,Milk - Excluding Butter,None,None,None
None,Somalia,SOM,2004,"Pulses, Other and products",None,None,None
None,Somalia,SOM,2004,Rice and products,None,None,None
None,Somalia,SOM,2004,Wheat and products,None,None,None
FBSH,South Africa,ZAF,2004,Eggs,22.35,1.81,1.57
FBSH,South Africa,ZAF,2004,Maize and products,948.76,24.23,8.51
FBSH,South Africa,ZAF,2004,Milk - Excluding Butter,83.59,4.39,4.74
FBSH,South Africa,ZAF,2004,"Pulses, Other and products",2.46,0.16,0.01
FBSH,South Africa,ZAF,2004,Rice and products,153.82,2.97,0.21
FBSH,South Africa,ZAF,2004,Wheat and products,462.7,14.43,1.95
FBSH,South Korea,KOR,2004,Eggs,40.06,3.15,2.83
FBSH,South Korea,KOR,2004,Maize and products,102.39,0.85,0.33
FBSH,South Korea,KOR,2004,Milk - Excluding Butter,35.74,2.47,1.65
FBSH,South Korea,KOR,2004,"Pulses, Other and products",1.57,0.1,0.01
FBSH,South Korea,KOR,2004,Rice and products,837.11,14.81,1.95
FBSH,South Korea,KOR,2004,Wheat and products,409.07,11.74,1.62
None,South Sudan,SSD,2004,Eggs,None,None,None
None,South Sudan,SSD,2004,Maize and products,None,None,None
None,South Sudan,SSD,2004,Milk - Excluding Butter,None,None,None
None,South Sudan,SSD,2004,"Pulses, Other and products",None,None,None
None,South Sudan,SSD,2004,Rice and products,None,None,None
None,South Sudan,SSD,2004,Wheat and products,None,None,None
FBSH,Spain,ESP,2004,Eggs,63.85,5.16,4.48
FBSH,Spain,ESP,2004,Maize and products,11.85,0.28,0.04
FBSH,Spain,ESP,2004,Milk - Excluding Butter,242.14,14.14,14.68
FBSH,Spain,ESP,2004,"Pulses, Other and products",32.88,2.04,0.25
FBSH,Spain,ESP,2004,Rice and products,74.91,1.46,0.15
FBSH,Spain,ESP,2004,Wheat and products,626.03,20.33,2.55
FBSH,Sri Lanka,LKA,2004,Eggs,8.19,0.64,0.58
FBSH,Sri Lanka,LKA,2004,Maize and products,51.4,1.28,0.48
FBSH,Sri Lanka,LKA,2004,Milk - Excluding Butter,51.78,2.83,2.58
FBSH,Sri Lanka,LKA,2004,"Pulses, Other and products",48.0,2.84,0.24
FBSH,Sri Lanka,LKA,2004,Rice and products,941.17,17.94,1.24
FBSH,Sri Lanka,LKA,2004,Wheat and products,333.84,10.53,0.87
None,Sudan,SDN,2004,Eggs,None,None,None
None,Sudan,SDN,2004,Maize and products,None,None,None
None,Sudan,SDN,2004,Milk - Excluding Butter,None,None,None
None,Sudan,SDN,2004,"Pulses, Other and products",None,None,None
None,Sudan,SDN,2004,Rice and products,None,None,None
None,Sudan,SDN,2004,Wheat and products,None,None,None
FBSH,Suriname,SUR,2004,Eggs,16.05,1.22,1.06
FBSH,Suriname,SUR,2004,Maize and products,11.04,0.29,0.13
FBSH,Suriname,SUR,2004,Milk - Excluding Butter,92.98,5.65,4.43
FBSH,Suriname,SUR,2004,"Pulses, Other and products",1.37,0.09,0.01
FBSH,Suriname,SUR,2004,Rice and products,606.93,12.01,1.02
FBSH,Suriname,SUR,2004,Wheat and products,406.69,10.54,2.35
FBSH,Sweden,SWE,2004,Eggs,45.07,3.64,3.17
FBSH,Sweden,SWE,2004,Maize and products,9.93,0.23,0.04
FBSH,Sweden,SWE,2004,Milk - Excluding Butter,431.18,30.01,21.98
FBSH,Sweden,SWE,2004,"Pulses, Other and products",1.54,0.1,0.01
FBSH,Sweden,SWE,2004,Rice and products,57.75,1.1,0.1
FBSH,Sweden,SWE,2004,Wheat and products,608.58,19.23,2.42
FBSH,Switzerland,CHE,2004,Eggs,38.72,3.13,2.72
FBSH,Switzerland,CHE,2004,Maize and products,18.44,0.43,0.06
FBSH,Switzerland,CHE,2004,Milk - Excluding Butter,377.52,23.89,23.77
FBSH,Switzerland,CHE,2004,"Pulses, Other and products",2.58,0.17,0.02
FBSH,Switzerland,CHE,2004,Rice and products,61.33,1.18,0.15
FBSH,Switzerland,CHE,2004,Wheat and products,635.82,20.29,2.98
None,Syria,SYR,2004,Eggs,None,None,None
None,Syria,SYR,2004,Maize and products,None,None,None
None,Syria,SYR,2004,Milk - Excluding Butter,None,None,None
None,Syria,SYR,2004,"Pulses, Other and products",None,None,None
None,Syria,SYR,2004,Rice and products,None,None,None
None,Syria,SYR,2004,Wheat and products,None,None,None
FBSH,Tajikistan,TJK,2004,Eggs,4.29,0.33,0.3
FBSH,Tajikistan,TJK,2004,Maize and products,120.88,2.8,0.4
FBSH,Tajikistan,TJK,2004,Milk - Excluding Butter,93.79,5.09,5.06
None,Tajikistan,TJK,2004,"Pulses, Other and products",None,None,None
FBSH,Tajikistan,TJK,2004,Rice and products,41.44,0.77,0.08
FBSH,Tajikistan,TJK,2004,Wheat and products,1049.6,29.1,13.32
FBSH,Tanzania,TZA,2004,Eggs,2.92,0.24,0.2
FBSH,Tanzania,TZA,2004,Maize and products,571.04,13.5,3.25
FBSH,Tanzania,TZA,2004,Milk - Excluding Butter,51.3,2.9,2.56
FBSH,Tanzania,TZA,2004,"Pulses, Other and products",84.82,4.86,0.83
FBSH,Tanzania,TZA,2004,Rice and products,219.65,4.22,0.32
FBSH,Tanzania,TZA,2004,Wheat and products,95.85,2.9,0.35
FBSH,Thailand,THA,2004,Eggs,34.19,2.57,2.48
FBSH,Thailand,THA,2004,Maize and products,71.29,1.86,0.79
FBSH,Thailand,THA,2004,Milk - Excluding Butter,35.16,2.5,1.09
FBSH,Thailand,THA,2004,"Pulses, Other and products",10.58,0.66,0.06
FBSH,Thailand,THA,2004,Rice and products,1136.47,20.0,2.5
FBSH,Thailand,THA,2004,Wheat and products,71.78,2.07,0.2
FBSH,Timor-Leste,TLS,2004,Eggs,3.24,0.26,0.23
FBSH,Timor-Leste,TLS,2004,Maize and products,517.83,12.87,4.86
FBSH,Timor-Leste,TLS,2004,Milk - Excluding Butter,13.63,0.38,0.41
FBSH,Timor-Leste,TLS,2004,"Pulses, Other and products",0.0,0.0,0.0
FBSH,Timor-Leste,TLS,2004,Rice and products,583.75,10.21,1.27
FBSH,Timor-Leste,TLS,2004,Wheat and products,70.76,2.04,0.2
FBSH,Togo,TGO,2004,Eggs,3.13,0.26,0.21
FBSH,Togo,TGO,2004,Maize and products,552.14,14.55,5.94
FBSH,Togo,TGO,2004,Milk - Excluding Butter,10.42,0.39,0.39
FBSH,Togo,TGO,2004,"Pulses, Other and products",3.06,0.16,0.05
FBSH,Togo,TGO,2004,Rice and products,244.68,5.03,0.68
FBSH,Togo,TGO,2004,Wheat and products,80.26,2.36,0.53
None,Tonga,TON,2004,Eggs,None,None,None
None,Tonga,TON,2004,Maize and products,None,None,None
None,Tonga,TON,2004,Milk - Excluding Butter,None,None,None
None,Tonga,TON,2004,"Pulses, Other and products",None,None,None
None,Tonga,TON,2004,Rice and products,None,None,None
None,Tonga,TON,2004,Wheat and products,None,None,None
FBSH,Trinidad and Tobago,TTO,2004,Eggs,10.76,0.82,0.72
FBSH,Trinidad and Tobago,TTO,2004,Maize and products,54.03,1.18,0.18
FBSH,Trinidad and Tobago,TTO,2004,Milk - Excluding Butter,177.03,9.74,8.35
FBSH,Trinidad and Tobago,TTO,2004,"Pulses, Other and products",45.19,2.76,0.36
FBSH,Trinidad and Tobago,TTO,2004,Rice and products,158.62,3.2,0.45
FBSH,Trinidad and Tobago,TTO,2004,Wheat and products,657.08,17.46,2.15
FBSH,Tunisia,TUN,2004,Eggs,23.96,2.02,1.64
FBSH,Tunisia,TUN,2004,Maize and products,0.01,0.0,None
FBSH,Tunisia,TUN,2004,Milk - Excluding Butter,150.73,8.19,7.77
FBSH,Tunisia,TUN,2004,"Pulses, Other and products",68.7,4.49,0.46
FBSH,Tunisia,TUN,2004,Rice and products,13.65,0.26,0.02
FBSH,Tunisia,TUN,2004,Wheat and products,1543.21,46.61,5.58
FBSH,Turkmenistan,TKM,2004,Eggs,26.48,2.04,1.87
FBSH,Turkmenistan,TKM,2004,Maize and products,0.23,0.01,None
FBSH,Turkmenistan,TKM,2004,Milk - Excluding Butter,247.22,13.75,12.98
None,Turkmenistan,TKM,2004,"Pulses, Other and products",None,None,None
FBSH,Turkmenistan,TKM,2004,Rice and products,135.31,2.52,0.26
FBSH,Turkmenistan,TKM,2004,Wheat and products,1540.66,46.05,5.04
None,Tuvalu,TUV,2004,Eggs,None,None,None
None,Tuvalu,TUV,2004,Maize and products,None,None,None
None,Tuvalu,TUV,2004,Milk - Excluding Butter,None,None,None
None,Tuvalu,TUV,2004,"Pulses, Other and products",None,None,None
None,Tuvalu,TUV,2004,Rice and products,None,None,None
None,Tuvalu,TUV,2004,Wheat and products,None,None,None
FBSH,Türkiye,TUR,2004,Eggs,36.09,2.86,2.54
FBSH,Türkiye,TUR,2004,Maize and products,156.15,3.39,0.51
FBSH,Türkiye,TUR,2004,Milk - Excluding Butter,207.56,12.32,11.19
FBSH,Türkiye,TUR,2004,"Pulses, Other and products",84.31,4.79,0.83
FBSH,Türkiye,TUR,2004,Rice and products,63.88,1.13,0.15
FBSH,Türkiye,TUR,2004,Wheat and products,1527.51,49.8,6.06
FBSH,Uganda,UGA,2004,Eggs,1.99,0.17,0.14
FBSH,Uganda,UGA,2004,Maize and products,232.63,5.51,1.32
FBSH,Uganda,UGA,2004,Milk - Excluding Butter,59.03,2.91,3.28
FBSH,Uganda,UGA,2004,"Pulses, Other and products",47.85,2.93,0.19
FBSH,Uganda,UGA,2004,Rice and products,43.96,0.84,0.07
FBSH,Uganda,UGA,2004,Wheat and products,74.21,2.33,0.32
FBSH,Ukraine,UKR,2004,Eggs,48.0,3.69,3.39
FBSH,Ukraine,UKR,2004,Maize and products,69.35,1.6,0.23
FBSH,Ukraine,UKR,2004,Milk - Excluding Butter,302.94,16.95,16.93
FBSH,Ukraine,UKR,2004,"Pulses, Other and products",0.01,0.0,0.0
FBSH,Ukraine,UKR,2004,Rice and products,30.47,0.57,0.06
FBSH,Ukraine,UKR,2004,Wheat and products,954.81,28.58,2.96
FBSH,United Arab Emirates,ARE,2004,Eggs,38.33,2.95,2.7
FBSH,United Arab Emirates,ARE,2004,Maize and products,0.83,0.02,0.0
FBSH,United Arab Emirates,ARE,2004,Milk - Excluding Butter,200.14,12.14,10.53
FBSH,United Arab Emirates,ARE,2004,"Pulses, Other and products",99.28,6.23,0.86
FBSH,United Arab Emirates,ARE,2004,Rice and products,455.49,8.48,0.89
FBSH,United Arab Emirates,ARE,2004,Wheat and products,971.67,28.78,3.44
FBSH,United Kingdom,GBR,2004,Eggs,40.32,3.24,2.84
FBSH,United Kingdom,GBR,2004,Maize and products,28.9,0.67,0.1
FBSH,United Kingdom,GBR,2004,Milk - Excluding Butter,341.52,18.97,20.72
FBSH,United Kingdom,GBR,2004,"Pulses, Other and products",2.62,0.18,0.01
FBSH,United Kingdom,GBR,2004,Rice and products,54.32,1.0,0.11
FBSH,United Kingdom,GBR,2004,Wheat and products,759.18,24.59,3.02
FBSH,United States,USA,2004,Eggs,56.38,4.34,3.98
FBSH,United States,USA,2004,Maize and products,98.39,1.79,0.28
FBSH,United States,USA,2004,Milk - Excluding Butter,379.91,22.42,22.74
FBSH,United States,USA,2004,"Pulses, Other and products",2.6,0.18,0.01
FBSH,United States,USA,2004,Rice and products,69.41,1.28,0.08
FBSH,United States,USA,2004,Wheat and products,602.09,19.44,2.89
FBSH,Uruguay,URY,2004,Eggs,33.66,2.56,2.23
FBSH,Uruguay,URY,2004,Maize and products,187.13,4.23,0.58
FBSH,Uruguay,URY,2004,Milk - Excluding Butter,265.09,16.74,14.35
FBSH,Uruguay,URY,2004,"Pulses, Other and products",10.59,0.71,0.07
FBSH,Uruguay,URY,2004,Rice and products,112.54,2.22,0.19
FBSH,Uruguay,URY,2004,Wheat and products,777.89,20.54,3.32
FBSH,Uzbekistan,UZB,2004,Eggs,14.43,1.11,1.02
FBSH,Uzbekistan,UZB,2004,Maize and products,38.66,0.89,0.13
FBSH,Uzbekistan,UZB,2004,Milk - Excluding Butter,229.71,12.56,12.39
FBSH,Uzbekistan,UZB,2004,"Pulses, Other and products",0.29,0.02,0.0
FBSH,Uzbekistan,UZB,2004,Rice and products,61.97,1.15,0.12
FBSH,Uzbekistan,UZB,2004,Wheat and products,1306.93,39.13,3.96
FBSH,Vanuatu,VUT,2004,Eggs,6.63,0.52,0.47
FBSH,Vanuatu,VUT,2004,Maize and products,0.0,0.0,None
FBSH,Vanuatu,VUT,2004,Milk - Excluding Butter,35.24,1.75,1.87
FBSH,Vanuatu,VUT,2004,"Pulses, Other and products",0.0,None,None
FBSH,Vanuatu,VUT,2004,Rice and products,607.33,10.61,1.33
FBSH,Vanuatu,VUT,2004,Wheat and products,256.98,7.09,2.2
None,Vatican City,VAT,2004,Eggs,None,None,None
None,Vatican City,VAT,2004,Maize and products,None,None,None
None,Vatican City,VAT,2004,Milk - Excluding Butter,None,None,None
None,Vatican City,VAT,2004,"Pulses, Other and products",None,None,None
None,Vatican City,VAT,2004,Rice and products,None,None,None
None,Vatican City,VAT,2004,Wheat and products,None,None,None
FBSH,Venezuela,VEN,2004,Eggs,16.45,1.25,1.09
FBSH,Venezuela,VEN,2004,Maize and products,398.32,8.81,1.57
FBSH,Venezuela,VEN,2004,Milk - Excluding Butter,117.81,6.39,6.88
FBSH,Venezuela,VEN,2004,"Pulses, Other and products",7.66,0.51,0.04
FBSH,Venezuela,VEN,2004,Rice and products,160.33,3.17,0.26
FBSH,Venezuela,VEN,2004,Wheat and products,346.62,11.37,1.23
FBSH,Vietnam,VNM,2004,Eggs,8.5,0.67,0.6
FBSH,Vietnam,VNM,2004,Maize and products,77.67,1.93,0.73
FBSH,Vietnam,VNM,2004,Milk - Excluding Butter,14.44,0.92,0.5
FBSH,Vietnam,VNM,2004,"Pulses, Other and products",9.52,0.59,0.06
FBSH,Vietnam,VNM,2004,Rice and products,1488.39,30.34,4.92
FBSH,Vietnam,VNM,2004,Wheat and products,53.8,1.55,0.16
FBSH,Yemen,YEM,2004,Eggs,7.46,0.56,0.54
FBSH,Yemen,YEM,2004,Maize and products,72.81,1.93,1.02
FBSH,Yemen,YEM,2004,Milk - Excluding Butter,51.68,3.45,2.43
FBSH,Yemen,YEM,2004,"Pulses, Other and products",36.98,2.27,0.34
FBSH,Yemen,YEM,2004,Rice and products,171.32,3.38,0.5
FBSH,Yemen,YEM,2004,Wheat and products,853.39,25.74,5.07
FBSH,Zambia,ZMB,2004,Eggs,11.11,0.94,0.76
FBSH,Zambia,ZMB,2004,Maize and products,956.32,25.19,10.29
FBSH,Zambia,ZMB,2004,Milk - Excluding Butter,12.45,0.67,0.68
FBSH,Zambia,ZMB,2004,"Pulses, Other and products",14.87,0.96,0.09
FBSH,Zambia,ZMB,2004,Rice and products,28.94,0.55,0.05
FBSH,Zambia,ZMB,2004,Wheat and products,116.37,3.5,0.44
FBSH,Zimbabwe,ZWE,2004,Eggs,4.04,0.34,0.28
FBSH,Zimbabwe,ZWE,2004,Maize and products,895.69,23.6,9.64
FBSH,Zimbabwe,ZWE,2004,Milk - Excluding Butter,46.59,2.45,2.42
FBSH,Zimbabwe,ZWE,2004,"Pulses, Other and products",6.39,0.42,0.04
FBSH,Zimbabwe,ZWE,2004,Rice and products,16.99,0.32,0.03
FBSH,Zimbabwe,ZWE,2004,Wheat and products,156.03,4.46,0.61
